Workbook

Sheet REKAP
O3: PEKERJAAN
P4: =IF(Q3="","",", ")
P5: =IF(Q5="",""," DAN ")
F6: REKAP RAB PEKERJAAN | O6: FUNGSI
F7: KONSTRUKSI JARINGAN DISTRIBUSI UP3 KUPANG | O7: LOKASI
B8: NAMA PEKERJAAN | E8: : | F8: =_xlfn.CONCAT(Q3,P4,Q4,P5,Q5," UNTUK ",Q6," LOKASI ",Q7) -> UNTUK LOKASI | O8: UNIT | Q8: ULP KUPANG
B9: UNIT | E9: : | F9: =Q8 -> ULP KUPANG | O9: KOTA/KAB | Q9: Kota Kupang
B11: NO | C11: URAIAN PEKERJAAN | G11: SATUAN | H11: VOLUME | I11: MDU (Rp) | J11: NON MDU (Rp) | K11: JASA (Rp) | L11: Harga Total (Rp)
B12: 1 | C12: =F8&" "&F9 -> UNTUK LOKASI ULP KUPANG
C13: a. | D13: Pembangunan JTM | G13: kms | H13: ='RAB Pasang'!F1050 -> 0 | I13: ='RAB Pasang'!L1062 -> 0 | J13: =SUM('RAB Pasang'!L1063:L1075) -> 0 | K13: ='RAB Pasang'!M1076 -> 0 | L13: =SUM(I13:K15) -> 0
C14: b. | D14: Pembangunan Gardu Distribusi | G14: unit | H14: ='RAB Pasang'!G1052 -> 0
C15: c. | D15: Perluasan JTR | G15: kms | H15: ='RAB Pasang'!H1051 -> 0
B16: 2 | C16: Jasa Pembongkaran | G16: lot | H16: =IF(L16>0,1,0) -> 0 | K16: ='RAB Bongkar'!M1076 -> 0 | L16: =SUM(I16:K16) -> 0
B17: 3 | C17: Jasa Perbaikan | G17: lot | H17: =IF(L17>0,1,0) -> 0 | K17: ='RAB Perbaikan'!M1076 -> 0 | L17: =SUM(I17:K17) -> 0
B19: ="Terbilang:"&CHAR(10)&PROPER(IF(L21=0,"nol",IF(L21<0,"minus ","")& SUBSTITUTE(TRIM(SUBSTITUTE(SUBSTITUTE(SUBSTITUTE(SUBSTITUTE(SUBSTITUTE(SUBSTITUTE(SUBSTITUTE(SUBSTITUTE(SUBSTITUTE(SUBSTITUTE(SUBSTITUTE(SUBSTITUTE(SUBSTITUTE(SUBSTITUTE(SUBSTITUTE(SUBSTITUTE(SUBSTITUTE(SUBSTITUTE(SUBSTITUTE(SUBSTITUTE(SUBSTITUTE(SUBSTITUTE(SUBSTITUTE(SUBSTITUTE( IF(--MID(TEXT(ABS(L21),"000000000000000"),1,3)=0,"",MID(TEXT(ABS(L21),"000000000000000"),1,1)&" ratus "&MID(TEXT(ABS(L21),"000000000000000"),2,1)&" puluh "&MID(TEXT(ABS(L21),"000000000000000"),3,1)&" trilyun ")& IF(--MID(TEXT(ABS(L21),"000000000000000"),4,3)=0,"",MID(TEXT(ABS(L21),"000000000000000"),4,1)&" ratus "&MID(TEXT(ABS(L21),"000000000000000"),5,1)&" puluh "&MID(TEXT(ABS(L21),"000000000000000"),6,1)&" milyar ")& IF(--MID(TEXT(ABS(L21),"000000000000000"),7,3)=0,"",MID(TEXT(ABS(L21),"000000000000000"),7,1)&" ratus "&MID(TEXT(ABS(L21),"000000000000000"),8,1)&" puluh "&MID(TEXT(ABS(L21),"000000000000000"),9,1)&" juta ")& IF(--MID(TEXT(ABS(L21),"000000000000000"),10,3)=0,"",IF(--MID(TEXT(ABS(L21),"000000000000000"),10,3)=1,"*",MID(TEXT(ABS(L21),"000000000000000"),10,1)&" ratus "&MID(TEXT(ABS(L21),"000000000000000"),11,1)&" puluh ")&MID(TEXT(ABS(L21),"000000000000000"),12,1)&" ribu ")& IF(--MID(TEXT(ABS(L21),"000000000000000"),13,3)=0,"",MID(TEXT(ABS(L21),"000000000000000"),13,1)&" ratus "&MID(TEXT(ABS(L21),"000000000000000"),14,1)&" puluh "&MID(TEXT(ABS(L21),"000000000000000"),15,1)),1,"satu"),2,"dua"),3,"tiga"),4,"empat"),5,"lima"),6,"enam"),7,"tujuh"),8,"delapan"),9,"sembilan"),"0 ratus",""),"0 puluh",""),"satu puluh 0","sepuluh"),"satu puluh satu","sebelas"),"satu puluh dua","dua belas"),"satu puluh tiga","tiga belas"),"satu puluh empat","empat belas"),"satu puluh lima","lima belas"),"satu puluh enam","enam belas"),"satu puluh tujuh","tujuh belas"),"satu puluh delapan","delapan belas"),"satu puluh sembilan","sembilan belas"),"satu ratus","seratus"),"*satu ribu","seribu"),0,""))," "," ")) & " rupiah") -> Terbilang: Nol Rupiah | H19: Jumlah | I19: =SUM(I13:I18) -> 0 | J19: =SUM(J13:J18) -> 0 | K19: =SUM(K13:K18) -> 0 | L19: =SUM(L13:L18) -> 0
H20: PPN 12% (12% x DPP Nilai Lain) | I20: =((11/12)*I19)*12% -> 0 | J20: =((11/12)*J19)*12% -> 0 | K20: =((11/12)*K19)*12% -> 0 | L20: =((11/12)*L19)*12% -> 0
H21: Total | I21: =SUM(I19:I20) -> 0 | J21: =SUM(J19:J20) -> 0 | K21: =SUM(K19:K20) -> 0 | L21: =SUM(L19:L20) -> 0

Sheet RAB Pasang
A4: RAB PEKERJAAN KONSTRUKSI JARINGAN DISTRIBUSI KUPANG - KHS 2026
A6: =REKAP!B8&REKAP!E8&REKAP!F8 -> NAMA PEKERJAAN : UNTUK LOKASI
A7: =REKAP!B9&REKAP!E9&REKAP!F9 -> UNIT : ULP KUPANG
A13: NO | B13: URAIAN MATERIAL / PEKERJAAN | E13: SATUAN | F13: VOLUME | J13: HARGA SATUAN | L13: HARGA BAGIAN | N13: JUMLAH HARGA | P13: Asumsi Ukuran | S13: Perkiraan Panjang | T13: Perkiraan Kubikasi
F14: JTM | G14: Gardu | H14: JTR | I14: Total | J14: BAHAN | K14: UPAH | L14: BAHAN | M14: UPAH | P14: P | Q14: L | R14: T
J15: (Rp) | K15: (Rp) | L15: (Rp) | M15: (Rp) | N15: (Rp) | P15: cm | Q15: cm | R15: cm | S15: m/haspel | T15: m3/item
A16: 1 | B16: 2 | E16: 3 | F16: 4 | G16: 5 | H16: 6 | I16: 7=4+5+6 | J16: 8 | K16: 9 | L16: 10=7x8 | M16: 11=7x9 | N16: 12=10+11 | P16: 13 | Q16: 14 | R16: 15 | S16: 16 | T16: 17=13x14x15/10^6/16
A18: A | B18: MATERIAL UTAMA (Disediakan PLN)
A19: 1 | B19: Mendirikan Tiang Beton 9 meter 200 daN | E19: batang | I19: =SUM(F19:H19) -> 0 | J19: 6304300 | K19: 1117820 | L19: =J19*I19 -> 0 | M19: =K19*I19 -> 0 | N19: =SUM(L19:M19) -> 0
A20: =A19+1 -> 2 | B20: Mendirikan Tiang Beton 12 meter 200 daN | E20: batang | I20: =SUM(F20:H20) -> 0 | J20: 9781500 | K20: 1597810 | L20: =J20*I20 -> 0 | M20: =K20*I20 -> 0 | N20: =SUM(L20:M20) -> 0
A21: =A20+1 -> 3 | B21: Mendirikan Tiang Beton 12 meter 350 daN | E21: batang | I21: =SUM(F21:H21) -> 0 | J21: 10485200 | K21: 1837810 | L21: =J21*I21 -> 0 | M21: =K21*I21 -> 0 | N21: =SUM(L21:M21) -> 0
A22: =A21+1 -> 4 | B22: Mendirikan Tiang Beton 13 meter 350 daN | E22: batang | I22: =SUM(F22:H22) -> 0 | J22: 11779400 | K22: 2130410 | L22: =J22*I22 -> 0 | M22: =K22*I22 -> 0 | N22: =SUM(L22:M22) -> 0
A23: =A22+1 -> 5 | B23: Mendirikan Tiang Beton 14 meter 350 daN | E23: batang | I23: =SUM(F23:H23) -> 0 | J23: 14194600 | K23: 3195620 | L23: =J23*I23 -> 0 | M23: =K23*I23 -> 0 | N23: =SUM(L23:M23) -> 0
A24: =A23+1 -> 6 | B24: Mendirikan Tiang Baja 7 meter 100 daN | E24: batang | I24: =SUM(F24:H24) -> 0 | K24: 449710 | L24: =J24*I24 -> 0 | M24: =K24*I24 -> 0 | N24: =SUM(L24:M24) -> 0
A25: =A24+1 -> 7 | B25: Mendirikan Tiang Baja 9 meter 100 daN | E25: batang | I25: =SUM(F25:H25) -> 0 | K25: 710140 | L25: =J25*I25 -> 0 | M25: =K25*I25 -> 0 | N25: =SUM(L25:M25) -> 0
A26: =A25+1 -> 8 | B26: Mendirikan Tiang Baja 9 meter 200 daN | E26: batang | I26: =SUM(F26:H26) -> 0 | J26: 3525160 | K26: 850450 | L26: =J26*I26 -> 0 | M26: =K26*I26 -> 0 | N26: =SUM(L26:M26) -> 0
A27: =A26+1 -> 9 | B27: Mendirikan Tiang Baja 11 meter 200 daN | E27: batang | I27: =SUM(F27:H27) -> 0 | K27: 996220 | L27: =J27*I27 -> 0 | M27: =K27*I27 -> 0 | N27: =SUM(L27:M27) -> 0
A28: =A27+1 -> 10 | B28: Mendirikan Tiang Baja 12 meter 200 daN | E28: batang | I28: =SUM(F28:H28) -> 0 | J28: 5302899 | K28: 1138530 | L28: =J28*I28 -> 0 | M28: =K28*I28 -> 0 | N28: =SUM(L28:M28) -> 0
A29: =A28+1 -> 11 | B29: Mendirikan Tiang Baja 12 meter 350 daN | E29: batang | I29: =SUM(F29:H29) -> 0 | J29: 6793340 | K29: 1328290 | L29: =J29*I29 -> 0 | M29: =K29*I29 -> 0 | N29: =SUM(L29:M29) -> 0
A30: =A29+1 -> 12 | B30: Mendirikan Tiang Baja 13 meter 350 daN | E30: batang | I30: =SUM(F30:H30) -> 0 | J30: 8963194 | K30: 1593950 | L30: =J30*I30 -> 0 | M30: =K30*I30 -> 0 | N30: =SUM(L30:M30) -> 0
A31: =A30+1 -> 13 | B31: Mendirikan Tiang Baja 14 meter 350 daN | E31: batang | I31: =SUM(F31:H31) -> 0 | J31: 11304450 | K31: 1755660 | L31: =J31*I31 -> 0 | M31: =K31*I31 -> 0 | N31: =SUM(L31:M31) -> 0
A32: =A31+1 -> 14 | B32: Pasang Isolator tumpu 20 kV Porcelin | E32: buah | I32: =SUM(F32:H32) -> 0 | J32: 289735 | K32: 68920 | L32: =J32*I32 -> 0 | M32: =K32*I32 -> 0 | N32: =SUM(L32:M32) -> 0 | P32: 15 | Q32: 15 | R32: 47 | S32: 0 | T32: =IF(S32=0,P32*Q32*R32/10^6,P32*Q32*R32/10^6/S32) -> 0.010575
A33: =A32+1 -> 15 | B33: Pasang Isolator tarik 20 kV Porcelin | E33: buah | I33: =SUM(F33:H33) -> 0 | J33: 621370 | K33: 75810 | L33: =J33*I33 -> 0 | M33: =K33*I33 -> 0 | N33: =SUM(L33:M33) -> 0 | P33: 30 | Q33: 25.4 | R33: 25.4 | S33: 0 | T33: =IF(S33=0,P33*Q33*R33/10^6,P33*Q33*R33/10^6/S33) -> 0.0193548
A34: =A33+1 -> 16 | B34: Pasang Isolator tumpu 20 kV Polimer | E34: buah | I34: =SUM(F34:H34) -> 0 | J34: 245400 | K34: 63180 | L34: =J34*I34 -> 0 | M34: =K34*I34 -> 0 | N34: =SUM(L34:M34) -> 0 | P34: 15 | Q34: 15 | R34: 47 | S34: 0 | T34: =IF(S34=0,P34*Q34*R34/10^6,P34*Q34*R34/10^6/S34) -> 0.010575
A35: =A34+1 -> 17 | B35: Pasang Isolator tarik 20 kV Polimer | E35: buah | I35: =SUM(F35:H35) -> 0 | J35: 246398 | K35: 68920 | L35: =J35*I35 -> 0 | M35: =K35*I35 -> 0 | N35: =SUM(L35:M35) -> 0 | P35: 73 | Q35: 17 | R35: 11 | S35: 0 | T35: =IF(S35=0,P35*Q35*R35/10^6,P35*Q35*R35/10^6/S35) -> 0.013651
A36: =A35+1 -> 18 | B36: Pasang Cut Out 20 kV | E36: buah | I36: =SUM(F36:H36) -> 0 | J36: 1269657 | K36: 68920 | L36: =J36*I36 -> 0 | M36: =K36*I36 -> 0 | N36: =SUM(L36:M36) -> 0 | P36: 50 | Q36: 37 | R36: 14.5 | S36: 0 | T36: =IF(S36=0,P36*Q36*R36/10^6,P36*Q36*R36/10^6/S36) -> 0.026825
A37: =A36+1 -> 19 | B37: Pasang Lightning Arrester 24 kV | E37: buah | I37: =SUM(F37:H37) -> 0 | J37: 699402 | K37: 68920 | L37: =J37*I37 -> 0 | M37: =K37*I37 -> 0 | N37: =SUM(L37:M37) -> 0 | P37: 24 | Q37: 17 | R37: 26 | S37: 0 | T37: =IF(S37=0,P37*Q37*R37/10^6,P37*Q37*R37/10^6/S37) -> 0.010608
A38: =A37+1 -> 20 | B38: Pasang Trafo 3 phs 25 kVA - 20 kV | E38: buah | I38: =SUM(F38:H38) -> 0 | K38: 1774970 | L38: =J38*I38 -> 0 | M38: =K38*I38 -> 0 | N38: =SUM(L38:M38) -> 0 | P38: 76 | Q38: 51 | R38: 102 | S38: 0 | T38: =IF(S38=0,P38*Q38*R38/10^6,P38*Q38*R38/10^6/S38) -> 0.395352
A39: =A38+1 -> 21 | B39: Pasang Trafo 3 phs 50 kVA - 20 kV | E39: buah | I39: =SUM(F39:H39) -> 0 | J39: 34652150 | K39: 1935380 | L39: =J39*I39 -> 0 | M39: =K39*I39 -> 0 | N39: =SUM(L39:M39) -> 0 | P39: 88 | Q39: 54 | R39: 111 | S39: 0 | T39: =IF(S39=0,P39*Q39*R39/10^6,P39*Q39*R39/10^6/S39) -> 0.527472
A40: =A39+1 -> 22 | B40: Pasang Trafo 3 phs 100 kVA - 20 kV | E40: buah | I40: =SUM(F40:H40) -> 0 | J40: 44603470 | K40: 2176000 | L40: =J40*I40 -> 0 | M40: =K40*I40 -> 0 | N40: =SUM(L40:M40) -> 0 | P40: 96 | Q40: 65 | R40: 116 | S40: 0 | T40: =IF(S40=0,P40*Q40*R40/10^6,P40*Q40*R40/10^6/S40) -> 0.72384
A41: =A40+1 -> 23 | B41: Pasang Trafo 3 phs 160 kVA - 20 kV | E41: buah | I41: =SUM(F41:H41) -> 0 | J41: 63981050 | K41: 2491700 | L41: =J41*I41 -> 0 | M41: =K41*I41 -> 0 | N41: =SUM(L41:M41) -> 0 | P41: 103 | Q41: 74 | R41: 128 | S41: 0 | T41: =IF(S41=0,P41*Q41*R41/10^6,P41*Q41*R41/10^6/S41) -> 0.975616
A42: =A41+1 -> 24 | B42: Pasang Trafo 3 phs 200 kVA - 20 kV | E42: buah | I42: =SUM(F42:H42) -> 0 | K42: 3050500 | L42: =J42*I42 -> 0 | M42: =K42*I42 -> 0 | N42: =SUM(L42:M42) -> 0 | P42: 107 | Q42: 81 | R42: 133 | S42: 0 | T42: =IF(S42=0,P42*Q42*R42/10^6,P42*Q42*R42/10^6/S42) -> 1.152711
A43: =A42+1 -> 25 | B43: Pasang Trafo 3 phs 250 kVA - 20 kV | E43: buah | I43: =SUM(F43:H43) -> 0 | J43: 75212870 | K43: 3214800 | L43: =J43*I43 -> 0 | M43: =K43*I43 -> 0 | N43: =SUM(L43:M43) -> 0 | P43: 114 | Q43: 84 | R43: 136 | S43: 0 | T43: =IF(S43=0,P43*Q43*R43/10^6,P43*Q43*R43/10^6/S43) -> 1.302336
A44: =A43+1 -> 26 | B44: Pasang Trafo 3 phs 400 kVA - 20 kV | E44: buah | I44: =SUM(F44:H44) -> 0 | J44: 93244590 | K44: 3372650 | L44: =J44*I44 -> 0 | M44: =K44*I44 -> 0 | N44: =SUM(L44:M44) -> 0 | P44: 132 | Q44: 91 | R44: 149 | S44: 0 | T44: =IF(S44=0,P44*Q44*R44/10^6,P44*Q44*R44/10^6/S44) -> 1.789788
A45: =A44+1 -> 27 | B45: Pasang Trafo 3 phs 630 kVA - 20 kV | E45: buah | I45: =SUM(F45:H45) -> 0 | J45: 128557200 | K45: 3536950 | L45: =J45*I45 -> 0 | M45: =K45*I45 -> 0 | N45: =SUM(L45:M45) -> 0 | P45: 145 | Q45: 104 | R45: 165 | S45: 0 | T45: =IF(S45=0,P45*Q45*R45/10^6,P45*Q45*R45/10^6/S45) -> 2.4882
A46: =A45+1 -> 28 | B46: Pasang Trafo 3 phs 1000 kVA - 20 kV | E46: buah | I46: =SUM(F46:H46) -> 0 | K46: 3694800 | L46: =J46*I46 -> 0 | M46: =K46*I46 -> 0 | N46: =SUM(L46:M46) -> 0 | P46: 166 | Q46: 112 | R46: 187 | S46: 0 | T46: =IF(S46=0,P46*Q46*R46/10^6,P46*Q46*R46/10^6/S46) -> 3.476704
A47: =A46+1 -> 29 | B47: Pasang Konduktor SUTM AAAC 3x35 mm² | E47: ms | I47: =SUM(F47:H47) -> 0 | K47: 6032.15 | L47: =J47*I47 -> 0 | M47: =K47*I47 -> 0 | N47: =SUM(L47:M47) -> 0 | P47: 145 | Q47: 145 | R47: 60 | S47: 3000 | T47: =IF(S47=0,P47*Q47*R47/10^6,P47*Q47*R47/10^6/S47) -> 0.0004205 | U47: Konversi satuan dan harga dari kms ke ms (KHS dalam kms)
A48: =A47+1 -> 30 | B48: Pasang Konduktor SUTM AAAC 3x50 mm² | E48: ms | I48: =SUM(F48:H48) -> 0 | K48: 7424.19 | L48: =J48*I48 -> 0 | M48: =K48*I48 -> 0 | N48: =SUM(L48:M48) -> 0 | P48: 145 | Q48: 145 | R48: 70 | S48: 3000 | T48: =IF(S48=0,P48*Q48*R48/10^6,P48*Q48*R48/10^6/S48) -> 0.00049058333 | U48: Konversi satuan dan harga dari kms ke ms (KHS dalam kms)
A49: =A48+1 -> 31 | B49: Pasang Konduktor SUTM AAAC 3x70 mm² | E49: ms | I49: =SUM(F49:H49) -> 0 | J49: 18516.333 | K49: 8774.04 | L49: =J49*I49 -> 0 | M49: =K49*I49 -> 0 | N49: =SUM(L49:M49) -> 0 | P49: 145 | Q49: 145 | R49: 85 | S49: 3000 | T49: =IF(S49=0,P49*Q49*R49/10^6,P49*Q49*R49/10^6/S49) -> 0.00059570833 | U49: Konversi satuan dan harga dari kms ke ms (KHS dalam kms)
A50: =A49+1 -> 32 | B50: Pasang Konduktor SUTM AAAC 3x95 mm² | E50: ms | I50: =SUM(F50:H50) -> 0 | K50: 10723.83 | L50: =J50*I50 -> 0 | M50: =K50*I50 -> 0 | N50: =SUM(L50:M50) -> 0 | P50: 145 | Q50: 145 | R50: 95 | S50: 2000 | T50: =IF(S50=0,P50*Q50*R50/10^6,P50*Q50*R50/10^6/S50) -> 0.0009986875 | U50: Konversi satuan dan harga dari kms ke ms (KHS dalam kms)
A51: =A50+1 -> 33 | B51: Pasang Konduktor SUTM AAAC 3x120 mm² | E51: ms | I51: =SUM(F51:H51) -> 0 | K51: 13787.78 | L51: =J51*I51 -> 0 | M51: =K51*I51 -> 0 | N51: =SUM(L51:M51) -> 0 | P51: 145 | Q51: 145 | R51: 100 | S51: 2000 | T51: =IF(S51=0,P51*Q51*R51/10^6,P51*Q51*R51/10^6/S51) -> 0.00105125 | U51: Konversi satuan dan harga dari kms ke ms (KHS dalam kms)
A52: =A51+1 -> 34 | B52: Pasang Konduktor SUTM AAAC 3x150 mm² | E52: ms | I52: =SUM(F52:H52) -> 0 | J52: 34202.5 | K52: 16085.74 | L52: =J52*I52 -> 0 | M52: =K52*I52 -> 0 | N52: =SUM(L52:M52) -> 0 | P52: 145 | Q52: 145 | R52: 110 | S52: 2000 | T52: =IF(S52=0,P52*Q52*R52/10^6,P52*Q52*R52/10^6/S52) -> 0.001156375 | U52: Konversi satuan dan harga dari kms ke ms (KHS dalam kms)
A53: =A52+1 -> 35 | B53: Pasang Konduktor SUTM AAAC 3x240 mm² | E53: ms | I53: =SUM(F53:H53) -> 0 | J53: 50248 | K53: 21935.1 | L53: =J53*I53 -> 0 | M53: =K53*I53 -> 0 | N53: =SUM(L53:M53) -> 0 | P53: 145 | Q53: 145 | R53: 120 | S53: 1000 | T53: =IF(S53=0,P53*Q53*R53/10^6,P53*Q53*R53/10^6/S53) -> 0.002523 | U53: Konversi satuan dan harga dari kms ke ms (KHS dalam kms)
A54: =A53+1 -> 36 | B54: Pasang Konduktor SUTM AAAC/S 3x50 mm² | E54: ms | I54: =SUM(F54:H54) -> 0 | K54: 7540.19 | L54: =J54*I54 -> 0 | M54: =K54*I54 -> 0 | N54: =SUM(L54:M54) -> 0 | P54: 145 | Q54: 145 | R54: 70 | S54: 3000 | T54: =IF(S54=0,P54*Q54*R54/10^6,P54*Q54*R54/10^6/S54) -> 0.00049058333 | U54: Konversi satuan dan harga dari kms ke ms (KHS dalam kms)
A55: =A54+1 -> 37 | B55: Pasang Konduktor SUTM AAAC/S 3x70 mm² | E55: ms | I55: =SUM(F55:H55) -> 0 | J55: 21065 | K55: 8936.52 | L55: =J55*I55 -> 0 | M55: =K55*I55 -> 0 | N55: =SUM(L55:M55) -> 0 | P55: 145 | Q55: 145 | R55: 85 | S55: 3000 | T55: =IF(S55=0,P55*Q55*R55/10^6,P55*Q55*R55/10^6/S55) -> 0.00059570833 | U55: Konversi satuan dan harga dari kms ke ms (KHS dalam kms)
A56: =A55+1 -> 38 | B56: Pasang Konduktor SUTM AAAC/S 3x95 mm² | E56: ms | I56: =SUM(F56:H56) -> 0 | K56: 10967.55 | L56: =J56*I56 -> 0 | M56: =K56*I56 -> 0 | N56: =SUM(L56:M56) -> 0 | P56: 145 | Q56: 145 | R56: 95 | S56: 2000 | T56: =IF(S56=0,P56*Q56*R56/10^6,P56*Q56*R56/10^6/S56) -> 0.0009986875 | U56: Konversi satuan dan harga dari kms ke ms (KHS dalam kms)
A57: =A56+1 -> 39 | B57: Pasang Konduktor SUTM AAAC/S 3x120 mm² | E57: ms | I57: =SUM(F57:H57) -> 0 | K57: 14193.3 | L57: =J57*I57 -> 0 | M57: =K57*I57 -> 0 | N57: =SUM(L57:M57) -> 0 | P57: 145 | Q57: 145 | R57: 100 | S57: 2000 | T57: =IF(S57=0,P57*Q57*R57/10^6,P57*Q57*R57/10^6/S57) -> 0.00105125 | U57: Konversi satuan dan harga dari kms ke ms (KHS dalam kms)
A58: =A57+1 -> 40 | B58: Pasang Konduktor SUTM AAAC/S 3x150 mm² | E58: ms | I58: =SUM(F58:H58) -> 0 | J58: 37968 | K58: 16640.42 | L58: =J58*I58 -> 0 | M58: =K58*I58 -> 0 | N58: =SUM(L58:M58) -> 0 | P58: 145 | Q58: 145 | R58: 110 | S58: 2000 | T58: =IF(S58=0,P58*Q58*R58/10^6,P58*Q58*R58/10^6/S58) -> 0.001156375 | U58: Konversi satuan dan harga dari kms ke ms (KHS dalam kms)
A59: =A58+1 -> 41 | B59: Pasang Konduktor SUTM AAAC/S 3x240 mm² | E59: ms | I59: =SUM(F59:H59) -> 0 | J59: 58527 | K59: 22979.63 | L59: =J59*I59 -> 0 | M59: =K59*I59 -> 0 | N59: =SUM(L59:M59) -> 0 | P59: 145 | Q59: 145 | R59: 120 | S59: 1000 | T59: =IF(S59=0,P59*Q59*R59/10^6,P59*Q59*R59/10^6/S59) -> 0.002523 | U59: Konversi satuan dan harga dari kms ke ms (KHS dalam kms)
A60: =A59+1 -> 42 | B60: Pasang Konduktor SKUTM (MVTIC) NFA2XSY-T 3x70+50mm² | E60: ms | I60: =SUM(F60:H60) -> 0 | K60: 9992.41 | L60: =J60*I60 -> 0 | M60: =K60*I60 -> 0 | N60: =SUM(L60:M60) -> 0 | P60: 205 | Q60: 205 | R60: 126 | S60: 1000 | T60: =IF(S60=0,P60*Q60*R60/10^6,P60*Q60*R60/10^6/S60) -> 0.00529515 | U60: Konversi satuan dan harga dari kms ke ms (KHS dalam kms)
A61: =A60+1 -> 43 | B61: Pasang Konduktor SKUTM (MVTIC) NFA2XSY-T 3x95+50mm² | E61: ms | I61: =SUM(F61:H61) -> 0 | K61: 12780.99 | L61: =J61*I61 -> 0 | M61: =K61*I61 -> 0 | N61: =SUM(L61:M61) -> 0 | P61: 205 | Q61: 205 | R61: 126 | S61: 500 | T61: =IF(S61=0,P61*Q61*R61/10^6,P61*Q61*R61/10^6/S61) -> 0.0105903 | U61: Konversi satuan dan harga dari kms ke ms (KHS dalam kms)
A62: =A61+1 -> 44 | B62: Pasang Konduktor SKUTM (MVTIC) NFA2XSY-T 3x150+50mm² | E62: ms | I62: =SUM(F62:H62) -> 0 | J62: 483069 | K62: 13404.46 | L62: =J62*I62 -> 0 | M62: =K62*I62 -> 0 | N62: =SUM(L62:M62) -> 0 | P62: 205 | Q62: 205 | R62: 126 | S62: 500 | T62: =IF(S62=0,P62*Q62*R62/10^6,P62*Q62*R62/10^6/S62) -> 0.0105903 | U62: Konversi satuan dan harga dari kms ke ms (KHS dalam kms)
A63: =A62+1 -> 45 | B63: Pasang Konduktor SKUTM (MVTIC) NFA2XSY-T 3x240+50mm² | E63: ms | I63: =SUM(F63:H63) -> 0 | J63: 582913.33 | K63: 13739.57 | L63: =J63*I63 -> 0 | M63: =K63*I63 -> 0 | N63: =SUM(L63:M63) -> 0 | P63: 220 | Q63: 220 | R63: 141 | S63: 300 | T63: =IF(S63=0,P63*Q63*R63/10^6,P63*Q63*R63/10^6/S63) -> 0.022748 | U63: Konversi satuan dan harga dari kms ke ms (KHS dalam kms)
A64: =A63+1 -> 46 | B64: Gelar dan Tarik Kabel Tanah TM (SKTM) NA2XSEYBY 3 x 70mm² | E64: meter | I64: =SUM(F64:H64) -> 0 | K64: 22740 | L64: =J64*I64 -> 0 | M64: =K64*I64 -> 0 | N64: =SUM(L64:M64) -> 0 | P64: 220 | Q64: 220 | R64: 135 | S64: 400 | T64: =IF(S64=0,P64*Q64*R64/10^6,P64*Q64*R64/10^6/S64) -> 0.016335
A65: =A64+1 -> 47 | B65: Gelar dan Tarik Kabel Tanah TM (SKTM) NA2XSEYBY 3 x 95mm² | E65: meter | I65: =SUM(F65:H65) -> 0 | K65: 25270 | L65: =J65*I65 -> 0 | M65: =K65*I65 -> 0 | N65: =SUM(L65:M65) -> 0 | P65: 220 | Q65: 220 | R65: 135 | S65: 350 | T65: =IF(S65=0,P65*Q65*R65/10^6,P65*Q65*R65/10^6/S65) -> 0.018668571
A66: =A65+1 -> 48 | B66: Gelar dan Tarik Kabel Tanah TM (SKTM) NA2XSEYBY 3 x 150mm² | E66: meter | I66: =SUM(F66:H66) -> 0 | J66: 576558.33 | K66: 32490 | L66: =J66*I66 -> 0 | M66: =K66*I66 -> 0 | N66: =SUM(L66:M66) -> 0 | P66: 220 | Q66: 220 | R66: 135 | S66: 300 | T66: =IF(S66=0,P66*Q66*R66/10^6,P66*Q66*R66/10^6/S66) -> 0.02178
A67: =A66+1 -> 49 | B67: Gelar dan Tarik Kabel Tanah TM (SKTM) NA2XSEYBY 3 x 240mm² | E67: meter | I67: =SUM(F67:H67) -> 0 | J67: 707642 | K67: 45490 | L67: =J67*I67 -> 0 | M67: =K67*I67 -> 0 | N67: =SUM(L67:M67) -> 0 | P67: 220 | Q67: 220 | R67: 135 | S67: 250 | T67: =IF(S67=0,P67*Q67*R67/10^6,P67*Q67*R67/10^6/S67) -> 0.026136
A68: =A67+1 -> 50 | B68: Gelar dan Tarik Kabel Tanah TM (SKTM) NA2XSEYBY 3 x 300mm² | E68: meter | I68: =SUM(F68:H68) -> 0 | J68: 751505 | K68: 56860 | L68: =J68*I68 -> 0 | M68: =K68*I68 -> 0 | N68: =SUM(L68:M68) -> 0 | P68: 220 | Q68: 220 | R68: 135 | S68: 200 | T68: =IF(S68=0,P68*Q68*R68/10^6,P68*Q68*R68/10^6/S68) -> 0.03267
A69: =A68+1 -> 51 | B69: Gelar dan Tarik Kabel Tanah TM (SKTM) NA2XSEYBY 1 x 35mm² | E69: meter | I69: =SUM(F69:H69) -> 0 | K69: 13380 | L69: =J69*I69 -> 0 | M69: =K69*I69 -> 0 | N69: =SUM(L69:M69) -> 0 | P69: 220 | Q69: 220 | R69: 135 | S69: 500 | T69: =IF(S69=0,P69*Q69*R69/10^6,P69*Q69*R69/10^6/S69) -> 0.013068
A70: =A69+1 -> 52 | B70: Gelar dan Tarik Kabel Tanah TM (SKTM) NA2XSEYBY 1 x 50mm² | E70: meter | I70: =SUM(F70:H70) -> 0 | K70: 16250 | L70: =J70*I70 -> 0 | M70: =K70*I70 -> 0 | N70: =SUM(L70:M70) -> 0 | P70: 220 | Q70: 220 | R70: 135 | S70: 450 | T70: =IF(S70=0,P70*Q70*R70/10^6,P70*Q70*R70/10^6/S70) -> 0.01452
A71: =A70+1 -> 53 | B71: Gelar dan Tarik Kabel Tanah TM (SKTM) NA2XSEYBY 1 x 70mm² | E71: meter | I71: =SUM(F71:H71) -> 0 | K71: 18950 | L71: =J71*I71 -> 0 | M71: =K71*I71 -> 0 | N71: =SUM(L71:M71) -> 0 | P71: 220 | Q71: 220 | R71: 135 | S71: 400 | T71: =IF(S71=0,P71*Q71*R71/10^6,P71*Q71*R71/10^6/S71) -> 0.016335
A72: =A71+1 -> 54 | B72: Gelar dan Tarik Kabel Tanah TM (SKTM) NA2XSEYBY 1 x 95mm² | E72: meter | I72: =SUM(F72:H72) -> 0 | K72: 22740 | L72: =J72*I72 -> 0 | M72: =K72*I72 -> 0 | N72: =SUM(L72:M72) -> 0 | P72: 220 | Q72: 220 | R72: 135 | S72: 350 | T72: =IF(S72=0,P72*Q72*R72/10^6,P72*Q72*R72/10^6/S72) -> 0.018668571
A73: =A72+1 -> 55 | B73: Gelar dan Tarik Kabel Tanah TM (SKTM) NA2XSEYBY 1 x 150mm² | E73: meter | I73: =SUM(F73:H73) -> 0 | K73: 26760 | L73: =J73*I73 -> 0 | M73: =K73*I73 -> 0 | N73: =SUM(L73:M73) -> 0 | P73: 220 | Q73: 220 | R73: 135 | S73: 300 | T73: =IF(S73=0,P73*Q73*R73/10^6,P73*Q73*R73/10^6/S73) -> 0.02178
A74: =A73+1 -> 56 | B74: Gelar dan Tarik Kabel Tanah TM (SKTM) NA2XSEYBY 1 x 240mm² | E74: meter | I74: =SUM(F74:H74) -> 0 | K74: 34990 | L74: =J74*I74 -> 0 | M74: =K74*I74 -> 0 | N74: =SUM(L74:M74) -> 0 | P74: 220 | Q74: 220 | R74: 135 | S74: 250 | T74: =IF(S74=0,P74*Q74*R74/10^6,P74*Q74*R74/10^6/S74) -> 0.026136
A75: =A74+1 -> 57 | B75: Gelar dan Tarik Kabel Tanah TM (SKTM) NA2XSEYBY 1 x 300mm² | E75: meter | I75: =SUM(F75:H75) -> 0 | K75: 45490 | L75: =J75*I75 -> 0 | M75: =K75*I75 -> 0 | N75: =SUM(L75:M75) -> 0 | P75: 220 | Q75: 220 | R75: 135 | S75: 200 | T75: =IF(S75=0,P75*Q75*R75/10^6,P75*Q75*R75/10^6/S75) -> 0.03267
A76: =A75+1 -> 58 | B76: Pasang Kabel NYY 50 mm² | E76: meter | I76: =SUM(F76:H76) -> 0 | K76: 8680 | L76: =J76*I76 -> 0 | M76: =K76*I76 -> 0 | N76: =SUM(L76:M76) -> 0 | P76: 151 | Q76: 151 | R76: 104 | S76: 1000 | T76: =IF(S76=0,P76*Q76*R76/10^6,P76*Q76*R76/10^6/S76) -> 0.002371304
A77: =A76+1 -> 59 | B77: Pasang Kabel NYY 70 mm² | E77: meter | I77: =SUM(F77:H77) -> 0 | J77: 174125 | K77: 9990 | L77: =J77*I77 -> 0 | M77: =K77*I77 -> 0 | N77: =SUM(L77:M77) -> 0 | P77: 151 | Q77: 151 | R77: 104 | S77: 1000 | T77: =IF(S77=0,P77*Q77*R77/10^6,P77*Q77*R77/10^6/S77) -> 0.002371304
A78: =A77+1 -> 60 | B78: Pasang Kabel NYY 95 mm² | E78: meter | I78: =SUM(F78:H78) -> 0 | J78: 253151 | K78: 12480 | L78: =J78*I78 -> 0 | M78: =K78*I78 -> 0 | N78: =SUM(L78:M78) -> 0 | P78: 151 | Q78: 151 | R78: 104 | S78: 1000 | T78: =IF(S78=0,P78*Q78*R78/10^6,P78*Q78*R78/10^6/S78) -> 0.002371304
A79: =A78+1 -> 61 | B79: Pasang Kabel NYY 120 mm² | E79: meter | I79: =SUM(F79:H79) -> 0 | J79: 400906 | K79: 14270 | L79: =J79*I79 -> 0 | M79: =K79*I79 -> 0 | N79: =SUM(L79:M79) -> 0 | P79: 151 | Q79: 151 | R79: 104 | S79: 1000 | T79: =IF(S79=0,P79*Q79*R79/10^6,P79*Q79*R79/10^6/S79) -> 0.002371304
A80: =A79+1 -> 62 | B80: Pasang Kabel NYY 150 mm² | E80: meter | I80: =SUM(F80:H80) -> 0 | J80: 632600 | K80: 16640 | L80: =J80*I80 -> 0 | M80: =K80*I80 -> 0 | N80: =SUM(L80:M80) -> 0 | P80: 151 | Q80: 151 | R80: 104 | S80: 1000 | T80: =IF(S80=0,P80*Q80*R80/10^6,P80*Q80*R80/10^6/S80) -> 0.002371304
A81: =A80+1 -> 63 | B81: Pasang Kabel Udara (SKUTR) NFA2X-T 3x35+35mm² | E81: ms | I81: =SUM(F81:H81) -> 0 | J81: 47807 | K81: 4674.7 | L81: =J81*I81 -> 0 | M81: =K81*I81 -> 0 | N81: =SUM(L81:M81) -> 0 | P81: 151 | Q81: 151 | R81: 104 | S81: 1000 | T81: =IF(S81=0,P81*Q81*R81/10^6,P81*Q81*R81/10^6/S81) -> 0.002371304 | U81: Konversi satuan dan harga dari kms ke ms (KHS dalam kms)
A82: =A81+1 -> 64 | B82: Pasang Kabel Udara (SKUTR) NFA2X-T 3x50+50mm² | E82: ms | I82: =SUM(F82:H82) -> 0 | K82: 6472.66 | L82: =J82*I82 -> 0 | M82: =K82*I82 -> 0 | N82: =SUM(L82:M82) -> 0 | P82: 151 | Q82: 151 | R82: 104 | S82: 1000 | T82: =IF(S82=0,P82*Q82*R82/10^6,P82*Q82*R82/10^6/S82) -> 0.002371304 | U82: Konversi satuan dan harga dari kms ke ms (KHS dalam kms)
A83: =A82+1 -> 65 | B83: Pasang Kabel Udara (SKUTR) NFA2X-T 3x70+70mm² | E83: ms | I83: =SUM(F83:H83) -> 0 | J83: 84971 | K83: 8414.46 | L83: =J83*I83 -> 0 | M83: =K83*I83 -> 0 | N83: =SUM(L83:M83) -> 0 | P83: 151 | Q83: 151 | R83: 104 | S83: 1000 | T83: =IF(S83=0,P83*Q83*R83/10^6,P83*Q83*R83/10^6/S83) -> 0.002371304 | U83: Konversi satuan dan harga dari kms ke ms (KHS dalam kms)
A84: =A83+1 -> 66 | B84: Pasang Kabel Udara (SKUTR) NFA2X-T 3x95+95mm² | E84: ms | I84: =SUM(F84:H84) -> 0 | K84: 10518.07 | L84: =J84*I84 -> 0 | M84: =K84*I84 -> 0 | N84: =SUM(L84:M84) -> 0 | P84: 151 | Q84: 151 | R84: 104 | S84: 1000 | T84: =IF(S84=0,P84*Q84*R84/10^6,P84*Q84*R84/10^6/S84) -> 0.002371304 | U84: Konversi satuan dan harga dari kms ke ms (KHS dalam kms)
A85: =A84+1 -> 67 | B85: Pasang Kabel Udara SR NFA2X 2x10 mm² | E85: meter | I85: =SUM(F85:H85) -> 0 | J85: 6686.3333 | K85: 5660 | L85: =J85*I85 -> 0 | M85: =K85*I85 -> 0 | N85: =SUM(L85:M85) -> 0 | P85: 151 | Q85: 151 | R85: 104 | S85: 3000 | T85: =IF(S85=0,P85*Q85*R85/10^6,P85*Q85*R85/10^6/S85) -> 0.00079043467
A86: =A85+1 -> 68 | B86: Pasang Kabel Udara SR NFA2X 2x16 mm² | E86: meter | I86: =SUM(F86:H86) -> 0 | J86: 10133 | K86: 6510 | L86: =J86*I86 -> 0 | M86: =K86*I86 -> 0 | N86: =SUM(L86:M86) -> 0 | P86: 151 | Q86: 151 | R86: 104 | S86: 2000 | T86: =IF(S86=0,P86*Q86*R86/10^6,P86*Q86*R86/10^6/S86) -> 0.001185652
A87: =A86+1 -> 69 | B87: Pasang Kabel Udara SR NFA2X 4x16 mm² | E87: meter | I87: =SUM(F87:H87) -> 0 | J87: 20881 | K87: 13010 | L87: =J87*I87 -> 0 | M87: =K87*I87 -> 0 | N87: =SUM(L87:M87) -> 0 | P87: 151 | Q87: 151 | R87: 104 | S87: 1000 | T87: =IF(S87=0,P87*Q87*R87/10^6,P87*Q87*R87/10^6/S87) -> 0.002371304
A88: =A87+1 -> 70 | B88: Gelar dan Tarik Kabel Tanah TR NYFGbY 2x10 mm² | E88: meter | I88: =SUM(F88:H88) -> 0 | K88: 5010 | L88: =J88*I88 -> 0 | M88: =K88*I88 -> 0 | N88: =SUM(L88:M88) -> 0 | P88: 151 | Q88: 151 | R88: 104 | S88: 3000 | T88: =IF(S88=0,P88*Q88*R88/10^6,P88*Q88*R88/10^6/S88) -> 0.00079043467
A89: =A88+1 -> 71 | B89: Gelar dan Tarik Kabel Tanah TR NYFGbY 2x16 mm² | E89: meter | I89: =SUM(F89:H89) -> 0 | K89: 5920 | L89: =J89*I89 -> 0 | M89: =K89*I89 -> 0 | N89: =SUM(L89:M89) -> 0 | P89: 151 | Q89: 151 | R89: 104 | S89: 2000 | T89: =IF(S89=0,P89*Q89*R89/10^6,P89*Q89*R89/10^6/S89) -> 0.001185652
A90: =A89+1 -> 72 | B90: Gelar dan Tarik Kabel Tanah TR NYFGbY 4x70 mm² | E90: meter | I90: =SUM(F90:H90) -> 0 | K90: 19460 | L90: =J90*I90 -> 0 | M90: =K90*I90 -> 0 | N90: =SUM(L90:M90) -> 0 | P90: 151 | Q90: 151 | R90: 104 | S90: 500 | T90: =IF(S90=0,P90*Q90*R90/10^6,P90*Q90*R90/10^6/S90) -> 0.004742608
A91: =A90+1 -> 73 | B91: Gelar dan Tarik Kabel Tanah TR NYFGbY 4x95 mm² | E91: meter | I91: =SUM(F91:H91) -> 0 | K91: 29190 | L91: =J91*I91 -> 0 | M91: =K91*I91 -> 0 | N91: =SUM(L91:M91) -> 0 | P91: 151 | Q91: 151 | R91: 104 | S91: 450 | T91: =IF(S91=0,P91*Q91*R91/10^6,P91*Q91*R91/10^6/S91) -> 0.0052695644
A92: =A91+1 -> 74 | B92: Gelar dan Tarik Kabel Tanah TR NYFGbY 4x120 mm² | E92: meter | I92: =SUM(F92:H92) -> 0 | K92: 38920 | L92: =J92*I92 -> 0 | M92: =K92*I92 -> 0 | N92: =SUM(L92:M92) -> 0 | P92: 151 | Q92: 151 | R92: 104 | S92: 400 | T92: =IF(S92=0,P92*Q92*R92/10^6,P92*Q92*R92/10^6/S92) -> 0.00592826
A93: =A92+1 -> 75 | B93: Pemasangan LBS Manual | E93: set | I93: =SUM(F93:H93) -> 0 | K93: 3908130 | L93: =J93*I93 -> 0 | M93: =K93*I93 -> 0 | N93: =SUM(L93:M93) -> 0 | P93: 120 | Q93: 115 | R93: 76 | S93: 0 | T93: =IF(S93=0,P93*Q93*R93/10^6,P93*Q93*R93/10^6/S93) -> 1.0488
A94: =A93+1 -> 76 | B94: Pemasangan LBS Motorised | E94: set | I94: =SUM(F94:H94) -> 0 | J94: 103598700 | K94: 3908130 | L94: =J94*I94 -> 0 | M94: =K94*I94 -> 0 | N94: =SUM(L94:M94) -> 0 | P94: 120 | Q94: 115 | R94: 75.5 | S94: 0 | T94: =IF(S94=0,P94*Q94*R94/10^6,P94*Q94*R94/10^6/S94) -> 1.0419
A95: =A94+1 -> 77 | B95: Pemasangan LBS 3Ways | E95: set | I95: =SUM(F95:H95) -> 0 | J95: 3.5448e+08 | K95: 4236730 | L95: =J95*I95 -> 0 | M95: =K95*I95 -> 0 | N95: =SUM(L95:M95) -> 0 | P95: 120 | Q95: 115 | R95: 75.5 | S95: 0 | T95: =IF(S95=0,P95*Q95*R95/10^6,P95*Q95*R95/10^6/S95) -> 1.0419
A96: =A95+1 -> 78 | B96: Pemasangan Recloser | E96: set | I96: =SUM(F96:H96) -> 0 | J96: 1.952944e+08 | K96: 4565330 | L96: =J96*I96 -> 0 | M96: =K96*I96 -> 0 | N96: =SUM(L96:M96) -> 0 | P96: 120 | Q96: 115 | R96: 75.5 | S96: 0 | T96: =IF(S96=0,P96*Q96*R96/10^6,P96*Q96*R96/10^6/S96) -> 1.0419
A97: =A96+1 -> 79 | B97: Pemasangan PMCB | E97: set | I97: =SUM(F97:H97) -> 0 | K97: 4893930 | L97: =J97*I97 -> 0 | M97: =K97*I97 -> 0 | N97: =SUM(L97:M97) -> 0 | P97: 122 | Q97: 128 | R97: 160 | S97: 0 | T97: =IF(S97=0,P97*Q97*R97/10^6,P97*Q97*R97/10^6/S97) -> 2.49856
A98: =A97+1 -> 80 | B98: Pemasangan Disconnecting Switch (DS) Pole Mounted | E98: set | I98: =SUM(F98:H98) -> 0 | J98: 19118000 | K98: 2948130 | L98: =J98*I98 -> 0 | M98: =K98*I98 -> 0 | N98: =SUM(L98:M98) -> 0 | P98: 50 | Q98: 37 | R98: 14.5 | S98: 0 | T98: =IF(S98=0,P98*Q98*R98/10^6,P98*Q98*R98/10^6/S98)*3 -> 0.080475 | U98: 1 set isi 3
A99: =A98+1 -> 81 | B99: Pemasangan Kubikel CB 630 A - Non Isolated | E99: set | I99: =SUM(F99:H99) -> 0 | J99: 192252500 | K99: 8254970 | L99: =J99*I99 -> 0 | M99: =K99*I99 -> 0 | N99: =SUM(L99:M99) -> 0 | P99: 95 | Q99: 75 | R99: 190 | S99: 0 | T99: =IF(S99=0,P99*Q99*R99/10^6,P99*Q99*R99/10^6/S99) -> 1.35375
A100: =A99+1 -> 82 | B100: Pemasangan Kubikel DS 630 A - Non Isolated | E100: set | I100: =SUM(F100:H100) -> 0 | J100: 57510900 | K100: 8254970 | L100: =J100*I100 -> 0 | M100: =K100*I100 -> 0 | N100: =SUM(L100:M100) -> 0 | P100: 95 | Q100: 75 | R100: 190 | S100: 0 | T100: =IF(S100=0,P100*Q100*R100/10^6,P100*Q100*R100/10^6/S100) -> 1.35375
A101: =A100+1 -> 83 | B101: Pemasangan Kubikel Metering 630 A - Non Isolated | E101: set | I101: =SUM(F101:H101) -> 0 | J101: 77046900 | K101: 8254970 | L101: =J101*I101 -> 0 | M101: =K101*I101 -> 0 | N101: =SUM(L101:M101) -> 0 | P101: 95 | Q101: 60 | R101: 190 | S101: 0 | T101: =IF(S101=0,P101*Q101*R101/10^6,P101*Q101*R101/10^6/S101) -> 1.083
A102: =A101+1 -> 84 | B102: Pemasangan Kubikel CB 1250 A - Non Isolated | E102: set | I102: =SUM(F102:H102) -> 0 | J102: 245630000 | K102: 8254970 | L102: =J102*I102 -> 0 | M102: =K102*I102 -> 0 | N102: =SUM(L102:M102) -> 0 | P102: 100 | Q102: 100 | R102: 190 | S102: 0 | T102: =IF(S102=0,P102*Q102*R102/10^6,P102*Q102*R102/10^6/S102) -> 1.9
A103: =A102+1 -> 85 | B103: Pemasangan Kubikel DS 1250 A - Non Isolated | E103: set | I103: =SUM(F103:H103) -> 0 | J103: 55240000 | K103: 8254970 | L103: =J103*I103 -> 0 | M103: =K103*I103 -> 0 | N103: =SUM(L103:M103) -> 0 | P103: 100 | Q103: 100 | R103: 190 | S103: 0 | T103: =IF(S103=0,P103*Q103*R103/10^6,P103*Q103*R103/10^6/S103) -> 1.9
A104: =A103+1 -> 86 | B104: Pemasangan Kubikel Metering 1250 A - Non Isolated | E104: set | I104: =SUM(F104:H104) -> 0 | J104: 68776400 | K104: 8254970 | L104: =J104*I104 -> 0 | M104: =K104*I104 -> 0 | N104: =SUM(L104:M104) -> 0 | P104: 100 | Q104: 100 | R104: 190 | S104: 0 | T104: =IF(S104=0,P104*Q104*R104/10^6,P104*Q104*R104/10^6/S104) -> 1.9
A105: =A104+1 -> 87 | B105: Pemasangan Kubikel CB 630 A - Isolated | E105: set | I105: =SUM(F105:H105) -> 0 | J105: 193902500 | K105: 8254970 | L105: =J105*I105 -> 0 | M105: =K105*I105 -> 0 | N105: =SUM(L105:M105) -> 0 | P105: 90 | Q105: 50 | R105: 165 | S105: 0 | T105: =IF(S105=0,P105*Q105*R105/10^6,P105*Q105*R105/10^6/S105) -> 0.7425
A106: =A105+1 -> 88 | B106: Pemasangan Kubikel DS 630 A - Isolated | E106: set | I106: =SUM(F106:H106) -> 0 | J106: 64330900 | K106: 8254970 | L106: =J106*I106 -> 0 | M106: =K106*I106 -> 0 | N106: =SUM(L106:M106) -> 0 | P106: 90 | Q106: 50 | R106: 165 | S106: 0 | T106: =IF(S106=0,P106*Q106*R106/10^6,P106*Q106*R106/10^6/S106) -> 0.7425
A107: =A106+1 -> 89 | B107: Pemasangan Kubikel Metering 630 A - Isolated | E107: set | I107: =SUM(F107:H107) -> 0 | J107: 78930900 | K107: 8254970 | L107: =J107*I107 -> 0 | M107: =K107*I107 -> 0 | N107: =SUM(L107:M107) -> 0 | P107: 90 | Q107: 50 | R107: 165 | S107: 0 | T107: =IF(S107=0,P107*Q107*R107/10^6,P107*Q107*R107/10^6/S107) -> 0.7425
A108: =A107+1 -> 90 | B108: Pemasangan Kubikel CB 1250 A - Isolated | E108: set | I108: =SUM(F108:H108) -> 0 | J108: 245630000 | K108: 8254970 | L108: =J108*I108 -> 0 | M108: =K108*I108 -> 0 | N108: =SUM(L108:M108) -> 0 | P108: 95 | Q108: 75 | R108: 180 | S108: 0 | T108: =IF(S108=0,P108*Q108*R108/10^6,P108*Q108*R108/10^6/S108) -> 1.2825
A109: =A108+1 -> 91 | B109: Pemasangan Kubikel DS 1250 A - Isolated | E109: set | I109: =SUM(F109:H109) -> 0 | J109: 55240000 | K109: 8254970 | L109: =J109*I109 -> 0 | M109: =K109*I109 -> 0 | N109: =SUM(L109:M109) -> 0 | P109: 95 | Q109: 75 | R109: 180 | S109: 0 | T109: =IF(S109=0,P109*Q109*R109/10^6,P109*Q109*R109/10^6/S109) -> 1.2825
A110: =A109+1 -> 92 | B110: Pemasangan Kubikel Metering 1250 A - Isolated | E110: set | I110: =SUM(F110:H110) -> 0 | J110: 68776400 | K110: 8254970 | L110: =J110*I110 -> 0 | M110: =K110*I110 -> 0 | N110: =SUM(L110:M110) -> 0 | P110: 95 | Q110: 75 | R110: 180 | S110: 0 | T110: =IF(S110=0,P110*Q110*R110/10^6,P110*Q110*R110/10^6/S110) -> 1.2825
...

Sheet RAB Bongkar
A4: RAB PEKERJAAN PEMBONGKARAN KONSTRUKSI JARINGAN DISTRIBUSI KUPANG - KHS 2026
A6: =REKAP!B8&REKAP!E8&REKAP!F8 -> NAMA PEKERJAAN : UNTUK LOKASI
A7: =REKAP!B9&REKAP!E9&REKAP!F9 -> UNIT : ULP KUPANG
A13: NO | B13: URAIAN MATERIAL / PEKERJAAN | E13: SATUAN | F13: VOLUME | J13: HARGA SATUAN | L13: HARGA BAGIAN | N13: JUMLAH HARGA | P13: Asumsi Ukuran | S13: Perkiraan Panjang | T13: Perkiraan Kubikasi
F14: JTM | G14: Gardu | H14: JTR | I14: Total | J14: BAHAN | K14: UPAH | L14: BAHAN | M14: UPAH | P14: P | Q14: L | R14: T
J15: (Rp) | K15: (Rp) | L15: (Rp) | M15: (Rp) | N15: (Rp) | P15: cm | Q15: cm | R15: cm | S15: m/haspel | T15: m3/item
A16: 1 | B16: 2 | E16: 3 | F16: 4 | G16: 5 | H16: 6 | I16: 7=4+5+6 | J16: 8 | K16: 9 | L16: 10=7x8 | M16: 11=7x9 | N16: 12=10+11 | P16: 13 | Q16: 14 | R16: 15 | S16: 16 | T16: 17=13x14x15/10^6/16
A18: A | B18: MATERIAL UTAMA (Disediakan PLN)
A19: 1 | B19: Mendirikan Tiang Beton 9 meter 200 daN | E19: batang | I19: =SUM(F19:H19) -> 0 | K19: ='RAB Pasang'!K19*60% -> 670692 | L19: =J19*I19 -> 0 | M19: =K19*I19 -> 0 | N19: =SUM(L19:M19) -> 0
A20: =A19+1 -> 2 | B20: Mendirikan Tiang Beton 12 meter 200 daN | E20: batang | I20: =SUM(F20:H20) -> 0 | K20: ='RAB Pasang'!K20*60% -> 958686 | L20: =J20*I20 -> 0 | M20: =K20*I20 -> 0 | N20: =SUM(L20:M20) -> 0
A21: =A20+1 -> 3 | B21: Mendirikan Tiang Beton 12 meter 350 daN | E21: batang | I21: =SUM(F21:H21) -> 0 | K21: ='RAB Pasang'!K21*60% -> 1102686 | L21: =J21*I21 -> 0 | M21: =K21*I21 -> 0 | N21: =SUM(L21:M21) -> 0
A22: =A21+1 -> 4 | B22: Mendirikan Tiang Beton 13 meter 350 daN | E22: batang | I22: =SUM(F22:H22) -> 0 | K22: ='RAB Pasang'!K22*60% -> 1278246 | L22: =J22*I22 -> 0 | M22: =K22*I22 -> 0 | N22: =SUM(L22:M22) -> 0
A23: =A22+1 -> 5 | B23: Mendirikan Tiang Beton 14 meter 350 daN | E23: batang | I23: =SUM(F23:H23) -> 0 | K23: ='RAB Pasang'!K23*60% -> 1917372 | L23: =J23*I23 -> 0 | M23: =K23*I23 -> 0 | N23: =SUM(L23:M23) -> 0
A24: =A23+1 -> 6 | B24: Mendirikan Tiang Baja 7 meter 100 daN | E24: batang | I24: =SUM(F24:H24) -> 0 | K24: ='RAB Pasang'!K24*60% -> 269826 | L24: =J24*I24 -> 0 | M24: =K24*I24 -> 0 | N24: =SUM(L24:M24) -> 0
A25: =A24+1 -> 7 | B25: Mendirikan Tiang Baja 9 meter 100 daN | E25: batang | I25: =SUM(F25:H25) -> 0 | K25: ='RAB Pasang'!K25*60% -> 426084 | L25: =J25*I25 -> 0 | M25: =K25*I25 -> 0 | N25: =SUM(L25:M25) -> 0
A26: =A25+1 -> 8 | B26: Mendirikan Tiang Baja 9 meter 200 daN | E26: batang | I26: =SUM(F26:H26) -> 0 | K26: ='RAB Pasang'!K26*60% -> 510270 | L26: =J26*I26 -> 0 | M26: =K26*I26 -> 0 | N26: =SUM(L26:M26) -> 0
A27: =A26+1 -> 9 | B27: Mendirikan Tiang Baja 11 meter 200 daN | E27: batang | I27: =SUM(F27:H27) -> 0 | K27: ='RAB Pasang'!K27*60% -> 597732 | L27: =J27*I27 -> 0 | M27: =K27*I27 -> 0 | N27: =SUM(L27:M27) -> 0
A28: =A27+1 -> 10 | B28: Mendirikan Tiang Baja 12 meter 200 daN | E28: batang | I28: =SUM(F28:H28) -> 0 | K28: ='RAB Pasang'!K28*60% -> 683118 | L28: =J28*I28 -> 0 | M28: =K28*I28 -> 0 | N28: =SUM(L28:M28) -> 0
A29: =A28+1 -> 11 | B29: Mendirikan Tiang Baja 12 meter 350 daN | E29: batang | I29: =SUM(F29:H29) -> 0 | K29: ='RAB Pasang'!K29*60% -> 796974 | L29: =J29*I29 -> 0 | M29: =K29*I29 -> 0 | N29: =SUM(L29:M29) -> 0
A30: =A29+1 -> 12 | B30: Mendirikan Tiang Baja 13 meter 350 daN | E30: batang | I30: =SUM(F30:H30) -> 0 | K30: ='RAB Pasang'!K30*60% -> 956370 | L30: =J30*I30 -> 0 | M30: =K30*I30 -> 0 | N30: =SUM(L30:M30) -> 0
A31: =A30+1 -> 13 | B31: Mendirikan Tiang Baja 14 meter 350 daN | E31: batang | I31: =SUM(F31:H31) -> 0 | K31: ='RAB Pasang'!K31*60% -> 1053396 | L31: =J31*I31 -> 0 | M31: =K31*I31 -> 0 | N31: =SUM(L31:M31) -> 0
A32: =A31+1 -> 14 | B32: Pasang Isolator tumpu 20 kV Porcelin | E32: buah | I32: =SUM(F32:H32) -> 0 | K32: ='RAB Pasang'!K32*60% -> 41352 | L32: =J32*I32 -> 0 | M32: =K32*I32 -> 0 | N32: =SUM(L32:M32) -> 0 | P32: 15 | Q32: 15 | R32: 47 | S32: 0 | T32: =IF(S32=0,P32*Q32*R32/10^6,P32*Q32*R32/10^6/S32) -> 0.010575
A33: =A32+1 -> 15 | B33: Pasang Isolator tarik 20 kV Porcelin | E33: buah | I33: =SUM(F33:H33) -> 0 | K33: ='RAB Pasang'!K33*60% -> 45486 | L33: =J33*I33 -> 0 | M33: =K33*I33 -> 0 | N33: =SUM(L33:M33) -> 0 | P33: 30 | Q33: 25.4 | R33: 25.4 | S33: 0 | T33: =IF(S33=0,P33*Q33*R33/10^6,P33*Q33*R33/10^6/S33) -> 0.0193548
A34: =A33+1 -> 16 | B34: Pasang Isolator tumpu 20 kV Polimer | E34: buah | I34: =SUM(F34:H34) -> 0 | K34: ='RAB Pasang'!K34*60% -> 37908 | L34: =J34*I34 -> 0 | M34: =K34*I34 -> 0 | N34: =SUM(L34:M34) -> 0 | P34: 15 | Q34: 15 | R34: 47 | S34: 0 | T34: =IF(S34=0,P34*Q34*R34/10^6,P34*Q34*R34/10^6/S34) -> 0.010575
A35: =A34+1 -> 17 | B35: Pasang Isolator tarik 20 kV Polimer | E35: buah | I35: =SUM(F35:H35) -> 0 | K35: ='RAB Pasang'!K35*60% -> 41352 | L35: =J35*I35 -> 0 | M35: =K35*I35 -> 0 | N35: =SUM(L35:M35) -> 0 | P35: 73 | Q35: 17 | R35: 11 | S35: 0 | T35: =IF(S35=0,P35*Q35*R35/10^6,P35*Q35*R35/10^6/S35) -> 0.013651
A36: =A35+1 -> 18 | B36: Pasang Cut Out 20 kV | E36: buah | I36: =SUM(F36:H36) -> 0 | K36: ='RAB Pasang'!K36*60% -> 41352 | L36: =J36*I36 -> 0 | M36: =K36*I36 -> 0 | N36: =SUM(L36:M36) -> 0 | P36: 50 | Q36: 37 | R36: 14.5 | S36: 0 | T36: =IF(S36=0,P36*Q36*R36/10^6,P36*Q36*R36/10^6/S36) -> 0.026825
A37: =A36+1 -> 19 | B37: Pasang Lightning Arrester 24 kV | E37: buah | I37: =SUM(F37:H37) -> 0 | K37: ='RAB Pasang'!K37*60% -> 41352 | L37: =J37*I37 -> 0 | M37: =K37*I37 -> 0 | N37: =SUM(L37:M37) -> 0 | P37: 24 | Q37: 17 | R37: 26 | S37: 0 | T37: =IF(S37=0,P37*Q37*R37/10^6,P37*Q37*R37/10^6/S37) -> 0.010608
A38: =A37+1 -> 20 | B38: Pasang Trafo 3 phs 25 kVA - 20 kV | E38: buah | I38: =SUM(F38:H38) -> 0 | K38: ='RAB Pasang'!K38*60% -> 1064982 | L38: =J38*I38 -> 0 | M38: =K38*I38 -> 0 | N38: =SUM(L38:M38) -> 0 | P38: 76 | Q38: 51 | R38: 102 | S38: 0 | T38: =IF(S38=0,P38*Q38*R38/10^6,P38*Q38*R38/10^6/S38) -> 0.395352
A39: =A38+1 -> 21 | B39: Pasang Trafo 3 phs 50 kVA - 20 kV | E39: buah | I39: =SUM(F39:H39) -> 0 | K39: ='RAB Pasang'!K39*60% -> 1161228 | L39: =J39*I39 -> 0 | M39: =K39*I39 -> 0 | N39: =SUM(L39:M39) -> 0 | P39: 88 | Q39: 54 | R39: 111 | S39: 0 | T39: =IF(S39=0,P39*Q39*R39/10^6,P39*Q39*R39/10^6/S39) -> 0.527472
A40: =A39+1 -> 22 | B40: Pasang Trafo 3 phs 100 kVA - 20 kV | E40: buah | I40: =SUM(F40:H40) -> 0 | K40: ='RAB Pasang'!K40*60% -> 1305600 | L40: =J40*I40 -> 0 | M40: =K40*I40 -> 0 | N40: =SUM(L40:M40) -> 0 | P40: 96 | Q40: 65 | R40: 116 | S40: 0 | T40: =IF(S40=0,P40*Q40*R40/10^6,P40*Q40*R40/10^6/S40) -> 0.72384
A41: =A40+1 -> 23 | B41: Pasang Trafo 3 phs 160 kVA - 20 kV | E41: buah | I41: =SUM(F41:H41) -> 0 | K41: ='RAB Pasang'!K41*60% -> 1495020 | L41: =J41*I41 -> 0 | M41: =K41*I41 -> 0 | N41: =SUM(L41:M41) -> 0 | P41: 103 | Q41: 74 | R41: 128 | S41: 0 | T41: =IF(S41=0,P41*Q41*R41/10^6,P41*Q41*R41/10^6/S41) -> 0.975616
A42: =A41+1 -> 24 | B42: Pasang Trafo 3 phs 200 kVA - 20 kV | E42: buah | I42: =SUM(F42:H42) -> 0 | K42: ='RAB Pasang'!K42*60% -> 1830300 | L42: =J42*I42 -> 0 | M42: =K42*I42 -> 0 | N42: =SUM(L42:M42) -> 0 | P42: 107 | Q42: 81 | R42: 133 | S42: 0 | T42: =IF(S42=0,P42*Q42*R42/10^6,P42*Q42*R42/10^6/S42) -> 1.152711
A43: =A42+1 -> 25 | B43: Pasang Trafo 3 phs 250 kVA - 20 kV | E43: buah | I43: =SUM(F43:H43) -> 0 | K43: ='RAB Pasang'!K43*60% -> 1928880 | L43: =J43*I43 -> 0 | M43: =K43*I43 -> 0 | N43: =SUM(L43:M43) -> 0 | P43: 114 | Q43: 84 | R43: 136 | S43: 0 | T43: =IF(S43=0,P43*Q43*R43/10^6,P43*Q43*R43/10^6/S43) -> 1.302336
... A46: =A45+1 -> 28 | B46: Pasang Trafo 3 phs 1000 kVA - 20 kV | E46: buah | I46: =SUM(F46:H46) -> 0 | K46: ='RAB Pasang'!K46*60% -> 2216880 | L46: =J46*I46 -> 0 | M46: =K46*I46 -> 0 | N46: =SUM(L46:M46) -> 0 | P46: 166 | Q46: 112 | R46: 187 | S46: 0 | T46: =IF(S46=0,P46*Q46*R46/10^6,P46*Q46*R46/10^6/S46) -> 3.476704
A47: =A46+1 -> 29 | B47: Pasang Konduktor SUTM AAAC 3x35 mm² | E47: ms | I47: =SUM(F47:H47) -> 0 | K47: ='RAB Pasang'!K47*60% -> 3619.29 | L47: =J47*I47 -> 0 | M47: =K47*I47 -> 0 | N47: =SUM(L47:M47) -> 0 | P47: 145 | Q47: 145 | R47: 60 | S47: 3000 | T47: =IF(S47=0,P47*Q47*R47/10^6,P47*Q47*R47/10^6/S47) -> 0.0004205 | U47: Konversi satuan dan harga dari kms ke ms (KHS dalam kms)
A48: =A47+1 -> 30 | B48: Pasang Konduktor SUTM AAAC 3x50 mm² | E48: ms | I48: =SUM(F48:H48) -> 0 | K48: ='RAB Pasang'!K48*60% -> 4454.514 | L48: =J48*I48 -> 0 | M48: =K48*I48 -> 0 | N48: =SUM(L48:M48) -> 0 | P48: 145 | Q48: 145 | R48: 70 | S48: 3000 | T48: =IF(S48=0,P48*Q48*R48/10^6,P48*Q48*R48/10^6/S48) -> 0.00049058333 | U48: Konversi satuan dan harga dari kms ke ms (KHS dalam kms)
A49: =A48+1 -> 31 | B49: Pasang Konduktor SUTM AAAC 3x70 mm² | E49: ms | I49: =SUM(F49:H49) -> 0 | K49: ='RAB Pasang'!K49*60% -> 5264.424 | L49: =J49*I49 -> 0 | M49: =K49*I49 -> 0 | N49: =SUM(L49:M49) -> 0 | P49: 145 | Q49: 145 | R49: 85 | S49: 3000 | T49: =IF(S49=0,P49*Q49*R49/10^6,P49*Q49*R49/10^6/S49) -> 0.00059570833 | U49: Konversi satuan dan harga dari kms ke ms (KHS dalam kms)
A50: =A49+1 -> 32 | B50: Pasang Konduktor SUTM AAAC 3x95 mm² | E50: ms | I50: =SUM(F50:H50) -> 0 | K50: ='RAB Pasang'!K50*60% -> 6434.298 | L50: =J50*I50 -> 0 | M50: =K50*I50 -> 0 | N50: =SUM(L50:M50) -> 0 | P50: 145 | Q50: 145 | R50: 95 | S50: 2000 | T50: =IF(S50=0,P50*Q50*R50/10^6,P50*Q50*R50/10^6/S50) -> 0.0009986875 | U50: Konversi satuan dan harga dari kms ke ms (KHS dalam kms)
A51: =A50+1 -> 33 | B51: Pasang Konduktor SUTM AAAC 3x120 mm² | E51: ms | I51: =SUM(F51:H51) -> 0 | K51: ='RAB Pasang'!K51*60% -> 8272.668 | L51: =J51*I51 -> 0 | M51: =K51*I51 -> 0 | N51: =SUM(L51:M51) -> 0 | P51: 145 | Q51: 145 | R51: 100 | S51: 2000 | T51: =IF(S51=0,P51*Q51*R51/10^6,P51*Q51*R51/10^6/S51) -> 0.00105125 | U51: Konversi satuan dan harga dari kms ke ms (KHS dalam kms)
A52: =A51+1 -> 34 | B52: Pasang Konduktor SUTM AAAC 3x150 mm² | E52: ms | I52: =SUM(F52:H52) -> 0 | K52: ='RAB Pasang'!K52*60% -> 9651.444 | L52: =J52*I52 -> 0 | M52: =K52*I52 -> 0 | N52: =SUM(L52:M52) -> 0 | P52: 145 | Q52: 145 | R52: 110 | S52: 2000 | T52: =IF(S52=0,P52*Q52*R52/10^6,P52*Q52*R52/10^6/S52) -> 0.001156375 | U52: Konversi satuan dan harga dari kms ke ms (KHS dalam kms)
A53: =A52+1 -> 35 | B53: Pasang Konduktor SUTM AAAC 3x240 mm² | E53: ms | I53: =SUM(F53:H53) -> 0 | K53: ='RAB Pasang'!K53*60% -> 13161.06 | L53: =J53*I53 -> 0 | M53: =K53*I53 -> 0 | N53: =SUM(L53:M53) -> 0 | P53: 145 | Q53: 145 | R53: 120 | S53: 1000 | T53: =IF(S53=0,P53*Q53*R53/10^6,P53*Q53*R53/10^6/S53) -> 0.002523 | U53: Konversi satuan dan harga dari kms ke ms (KHS dalam kms)
A54: =A53+1 -> 36 | B54: Pasang Konduktor SUTM AAAC/S 3x50 mm² | E54: ms | I54: =SUM(F54:H54) -> 0 | K54: ='RAB Pasang'!K54*60% -> 4524.114 | L54: =J54*I54 -> 0 | M54: =K54*I54 -> 0 | N54: =SUM(L54:M54) -> 0 | P54: 145 | Q54: 145 | R54: 70 | S54: 3000 | T54: =IF(S54=0,P54*Q54*R54/10^6,P54*Q54*R54/10^6/S54) -> 0.00049058333 | U54: Konversi satuan dan harga dari kms ke ms (KHS dalam kms)
A55: =A54+1 -> 37 | B55: Pasang Konduktor SUTM AAAC/S 3x70 mm² | E55: ms | I55: =SUM(F55:H55) -> 0 | K55: ='RAB Pasang'!K55*60% -> 5361.912 | L55: =J55*I55 -> 0 | M55: =K55*I55 -> 0 | N55: =SUM(L55:M55) -> 0 | P55: 145 | Q55: 145 | R55: 85 | S55: 3000 | T55: =IF(S55=0,P55*Q55*R55/10^6,P55*Q55*R55/10^6/S55) -> 0.00059570833 | U55: Konversi satuan dan harga dari kms ke ms (KHS dalam kms)
A56: =A55+1 -> 38 | B56: Pasang Konduktor SUTM AAAC/S 3x95 mm² | E56: ms | I56: =SUM(F56:H56) -> 0 | K56: ='RAB Pasang'!K56*60% -> 6580.53 | L56: =J56*I56 -> 0 | M56: =K56*I56 -> 0 | N56: =SUM(L56:M56) -> 0 | P56: 145 | Q56: 145 | R56: 95 | S56: 2000 | T56: =IF(S56=0,P56*Q56*R56/10^6,P56*Q56*R56/10^6/S56) -> 0.0009986875 | U56: Konversi satuan dan harga dari kms ke ms (KHS dalam kms)
A57: =A56+1 -> 39 | B57: Pasang Konduktor SUTM AAAC/S 3x120 mm² | E57: ms | I57: =SUM(F57:H57) -> 0 | K57: ='RAB Pasang'!K57*60% -> 8515.98 | L57: =J57*I57 -> 0 | M57: =K57*I57 -> 0 | N57: =SUM(L57:M57) -> 0 | P57: 145 | Q57: 145 | R57: 100 | S57: 2000 | T57: =IF(S57=0,P57*Q57*R57/10^6,P57*Q57*R57/10^6/S57) -> 0.00105125 | U57: Konversi satuan dan harga dari kms ke ms (KHS dalam kms)
A58: =A57+1 -> 40 | B58: Pasang Konduktor SUTM AAAC/S 3x150 mm² | E58: ms | I58: =SUM(F58:H58) -> 0 | K58: ='RAB Pasang'!K58*60% -> 9984.252 | L58: =J58*I58 -> 0 | M58: =K58*I58 -> 0 | N58: =SUM(L58:M58) -> 0 | P58: 145 | Q58: 145 | R58: 110 | S58: 2000 | T58: =IF(S58=0,P58*Q58*R58/10^6,P58*Q58*R58/10^6/S58) -> 0.001156375 | U58: Konversi satuan dan harga dari kms ke ms (KHS dalam kms)
... A63: =A62+1 -> 45 | B63: Pasang Konduktor SKUTM (MVTIC) NFA2XSY-T 3x240+50mm² | E63: ms | I63: =SUM(F63:H63) -> 0 | K63: ='RAB Pasang'!K63*60% -> 8243.742 | L63: =J63*I63 -> 0 | M63: =K63*I63 -> 0 | N63: =SUM(L63:M63) -> 0 | P63: 220 | Q63: 220 | R63: 141 | S63: 300 | T63: =IF(S63=0,P63*Q63*R63/10^6,P63*Q63*R63/10^6/S63) -> 0.022748 | U63: Konversi satuan dan harga dari kms ke ms (KHS dalam kms)
A64: =A63+1 -> 46 | B64: Gelar dan Tarik Kabel Tanah TM (SKTM) NA2XSEYBY 3 x 70mm² | E64: meter | I64: =SUM(F64:H64) -> 0 | K64: ='RAB Pasang'!K64*60% -> 13644 | L64: =J64*I64 -> 0 | M64: =K64*I64 -> 0 | N64: =SUM(L64:M64) -> 0 | P64: 220 | Q64: 220 | R64: 135 | S64: 400 | T64: =IF(S64=0,P64*Q64*R64/10^6,P64*Q64*R64/10^6/S64) -> 0.016335
A65: =A64+1 -> 47 | B65: Gelar dan Tarik Kabel Tanah TM (SKTM) NA2XSEYBY 3 x 95mm² | E65: meter | I65: =SUM(F65:H65) -> 0 | K65: ='RAB Pasang'!K65*60% -> 15162 | L65: =J65*I65 -> 0 | M65: =K65*I65 -> 0 | N65: =SUM(L65:M65) -> 0 | P65: 220 | Q65: 220 | R65: 135 | S65: 350 | T65: =IF(S65=0,P65*Q65*R65/10^6,P65*Q65*R65/10^6/S65) -> 0.018668571
A66: =A65+1 -> 48 | B66: Gelar dan Tarik Kabel Tanah TM (SKTM) NA2XSEYBY 3 x 150mm² | E66: meter | I66: =SUM(F66:H66) -> 0 | K66: ='RAB Pasang'!K66*60% -> 19494 | L66: =J66*I66 -> 0 | M66: =K66*I66 -> 0 | N66: =SUM(L66:M66) -> 0 | P66: 220 | Q66: 220 | R66: 135 | S66: 300 | T66: =IF(S66=0,P66*Q66*R66/10^6,P66*Q66*R66/10^6/S66) -> 0.02178
A67: =A66+1 -> 49 | B67: Gelar dan Tarik Kabel Tanah TM (SKTM) NA2XSEYBY 3 x 240mm² | E67: meter | I67: =SUM(F67:H67) -> 0 | K67: ='RAB Pasang'!K67*60% -> 27294 | L67: =J67*I67 -> 0 | M67: =K67*I67 -> 0 | N67: =SUM(L67:M67) -> 0 | P67: 220 | Q67: 220 | R67: 135 | S67: 250 | T67: =IF(S67=0,P67*Q67*R67/10^6,P67*Q67*R67/10^6/S67) -> 0.026136
A68: =A67+1 -> 50 | B68: Gelar dan Tarik Kabel Tanah TM (SKTM) NA2XSEYBY 3 x 300mm² | E68: meter | I68: =SUM(F68:H68) -> 0 | K68: ='RAB Pasang'!K68*60% -> 34116 | L68: =J68*I68 -> 0 | M68: =K68*I68 -> 0 | N68: =SUM(L68:M68) -> 0 | P68: 220 | Q68: 220 | R68: 135 | S68: 200 | T68: =IF(S68=0,P68*Q68*R68/10^6,P68*Q68*R68/10^6/S68) -> 0.03267
A69: =A68+1 -> 51 | B69: Gelar dan Tarik Kabel Tanah TM (SKTM) NA2XSEYBY 1 x 35mm² | E69: meter | I69: =SUM(F69:H69) -> 0 | K69: ='RAB Pasang'!K69*60% -> 8028 | L69: =J69*I69 -> 0 | M69: =K69*I69 -> 0 | N69: =SUM(L69:M69) -> 0 | P69: 220 | Q69: 220 | R69: 135 | S69: 500 | T69: =IF(S69=0,P69*Q69*R69/10^6,P69*Q69*R69/10^6/S69) -> 0.013068
A70: =A69+1 -> 52 | B70: Gelar dan Tarik Kabel Tanah TM (SKTM) NA2XSEYBY 1 x 50mm² | E70: meter | I70: =SUM(F70:H70) -> 0 | K70: ='RAB Pasang'!K70*60% -> 9750 | L70: =J70*I70 -> 0 | M70: =K70*I70 -> 0 | N70: =SUM(L70:M70) -> 0 | P70: 220 | Q70: 220 | R70: 135 | S70: 450 | T70: =IF(S70=0,P70*Q70*R70/10^6,P70*Q70*R70/10^6/S70) -> 0.01452
A71: =A70+1 -> 53 | B71: Gelar dan Tarik Kabel Tanah TM (SKTM) NA2XSEYBY 1 x 70mm² | E71: meter | I71: =SUM(F71:H71) -> 0 | K71: ='RAB Pasang'!K71*60% -> 11370 | L71: =J71*I71 -> 0 | M71: =K71*I71 -> 0 | N71: =SUM(L71:M71) -> 0 | P71: 220 | Q71: 220 | R71: 135 | S71: 400 | T71: =IF(S71=0,P71*Q71*R71/10^6,P71*Q71*R71/10^6/S71) -> 0.016335
A72: =A71+1 -> 54 | B72: Gelar dan Tarik Kabel Tanah TM (SKTM) NA2XSEYBY 1 x 95mm² | E72: meter | I72: =SUM(F72:H72) -> 0 | K72: ='RAB Pasang'!K72*60% -> 13644 | L72: =J72*I72 -> 0 | M72: =K72*I72 -> 0 | N72: =SUM(L72:M72) -> 0 | P72: 220 | Q72: 220 | R72: 135 | S72: 350 | T72: =IF(S72=0,P72*Q72*R72/10^6,P72*Q72*R72/10^6/S72) -> 0.018668571
A73: =A72+1 -> 55 | B73: Gelar dan Tarik Kabel Tanah TM (SKTM) NA2XSEYBY 1 x 150mm² | E73: meter | I73: =SUM(F73:H73) -> 0 | K73: ='RAB Pasang'!K73*60% -> 16056 | L73: =J73*I73 -> 0 | M73: =K73*I73 -> 0 | N73: =SUM(L73:M73) -> 0 | P73: 220 | Q73: 220 | R73: 135 | S73: 300 | T73: =IF(S73=0,P73*Q73*R73/10^6,P73*Q73*R73/10^6/S73) -> 0.02178
A74: =A73+1 -> 56 | B74: Gelar dan Tarik Kabel Tanah TM (SKTM) NA2XSEYBY 1 x 240mm² | E74: meter | I74: =SUM(F74:H74) -> 0 | K74: ='RAB Pasang'!K74*60% -> 20994 | L74: =J74*I74 -> 0 | M74: =K74*I74 -> 0 | N74: =SUM(L74:M74) -> 0 | P74: 220 | Q74: 220 | R74: 135 | S74: 250 | T74: =IF(S74=0,P74*Q74*R74/10^6,P74*Q74*R74/10^6/S74) -> 0.026136
A75: =A74+1 -> 57 | B75: Gelar dan Tarik Kabel Tanah TM (SKTM) NA2XSEYBY 1 x 300mm² | E75: meter | I75: =SUM(F75:H75) -> 0 | K75: ='RAB Pasang'!K75*60% -> 27294 | L75: =J75*I75 -> 0 | M75: =K75*I75 -> 0 | N75: =SUM(L75:M75) -> 0 | P75: 220 | Q75: 220 | R75: 135 | S75: 200 | T75: =IF(S75=0,P75*Q75*R75/10^6,P75*Q75*R75/10^6/S75) -> 0.03267
... A80: =A79+1 -> 62 | B80: Pasang Kabel NYY 150 mm² | E80: meter | I80: =SUM(F80:H80) -> 0 | K80: ='RAB Pasang'!K80*60% -> 9984 | L80: =J80*I80 -> 0 | M80: =K80*I80 -> 0 | N80: =SUM(L80:M80) -> 0 | P80: 151 | Q80: 151 | R80: 104 | S80: 1000 | T80: =IF(S80=0,P80*Q80*R80/10^6,P80*Q80*R80/10^6/S80) -> 0.002371304
A81: =A80+1 -> 63 | B81: Pasang Kabel Udara (SKUTR) NFA2X-T 3x35+35mm² | E81: ms | I81: =SUM(F81:H81) -> 0 | K81: ='RAB Pasang'!K81*60% -> 2804.82 | L81: =J81*I81 -> 0 | M81: =K81*I81 -> 0 | N81: =SUM(L81:M81) -> 0 | P81: 151 | Q81: 151 | R81: 104 | S81: 1000 | T81: =IF(S81=0,P81*Q81*R81/10^6,P81*Q81*R81/10^6/S81) -> 0.002371304 | U81: Konversi satuan dan harga dari kms ke ms (KHS dalam kms)
A82: =A81+1 -> 64 | B82: Pasang Kabel Udara (SKUTR) NFA2X-T 3x50+50mm² | E82: ms | I82: =SUM(F82:H82) -> 0 | K82: ='RAB Pasang'!K82*60% -> 3883.596 | L82: =J82*I82 -> 0 | M82: =K82*I82 -> 0 | N82: =SUM(L82:M82) -> 0 | P82: 151 | Q82: 151 | R82: 104 | S82: 1000 | T82: =IF(S82=0,P82*Q82*R82/10^6,P82*Q82*R82/10^6/S82) -> 0.002371304 | U82: Konversi satuan dan harga dari kms ke ms (KHS dalam kms)
A83: =A82+1 -> 65 | B83: Pasang Kabel Udara (SKUTR) NFA2X-T 3x70+70mm² | E83: ms | I83: =SUM(F83:H83) -> 0 | K83: ='RAB Pasang'!K83*60% -> 5048.676 | L83: =J83*I83 -> 0 | M83: =K83*I83 -> 0 | N83: =SUM(L83:M83) -> 0 | P83: 151 | Q83: 151 | R83: 104 | S83: 1000 | T83: =IF(S83=0,P83*Q83*R83/10^6,P83*Q83*R83/10^6/S83) -> 0.002371304 | U83: Konversi satuan dan harga dari kms ke ms (KHS dalam kms)
A84: =A83+1 -> 66 | B84: Pasang Kabel Udara (SKUTR) NFA2X-T 3x95+95mm² | E84: ms | I84: =SUM(F84:H84) -> 0 | K84: ='RAB Pasang'!K84*60% -> 6310.842 | L84: =J84*I84 -> 0 | M84: =K84*I84 -> 0 | N84: =SUM(L84:M84) -> 0 | P84: 151 | Q84: 151 | R84: 104 | S84: 1000 | T84: =IF(S84=0,P84*Q84*R84/10^6,P84*Q84*R84/10^6/S84) -> 0.002371304 | U84: Konversi satuan dan harga dari kms ke ms (KHS dalam kms)
A85: =A84+1 -> 67 | B85: Pasang Kabel Udara SR NFA2X 2x10 mm² | E85: meter | I85: =SUM(F85:H85) -> 0 | K85: ='RAB Pasang'!K85*60% -> 3396 | L85: =J85*I85 -> 0 | M85: =K85*I85 -> 0 | N85: =SUM(L85:M85) -> 0 | P85: 151 | Q85: 151 | R85: 104 | S85: 3000 | T85: =IF(S85=0,P85*Q85*R85/10^6,P85*Q85*R85/10^6/S85) -> 0.00079043467
A86: =A85+1 -> 68 | B86: Pasang Kabel Udara SR NFA2X 2x16 mm² | E86: meter | I86: =SUM(F86:H86) -> 0 | K86: ='RAB Pasang'!K86*60% -> 3906 | L86: =J86*I86 -> 0 | M86: =K86*I86 -> 0 | N86: =SUM(L86:M86) -> 0 | P86: 151 | Q86: 151 | R86: 104 | S86: 2000 | T86: =IF(S86=0,P86*Q86*R86/10^6,P86*Q86*R86/10^6/S86) -> 0.001185652
A87: =A86+1 -> 69 | B87: Pasang Kabel Udara SR NFA2X 4x16 mm² | E87: meter | I87: =SUM(F87:H87) -> 0 | K87: ='RAB Pasang'!K87*60% -> 7806 | L87: =J87*I87 -> 0 | M87: =K87*I87 -> 0 | N87: =SUM(L87:M87) -> 0 | P87: 151 | Q87: 151 | R87: 104 | S87: 1000 | T87: =IF(S87=0,P87*Q87*R87/10^6,P87*Q87*R87/10^6/S87) -> 0.002371304
A88: =A87+1 -> 70 | B88: Gelar dan Tarik Kabel Tanah TR NYFGbY 2x10 mm² | E88: meter | I88: =SUM(F88:H88) -> 0 | K88: ='RAB Pasang'!K88*60% -> 3006 | L88: =J88*I88 -> 0 | M88: =K88*I88 -> 0 | N88: =SUM(L88:M88) -> 0 | P88: 151 | Q88: 151 | R88: 104 | S88: 3000 | T88: =IF(S88=0,P88*Q88*R88/10^6,P88*Q88*R88/10^6/S88) -> 0.00079043467
A89: =A88+1 -> 71 | B89: Gelar dan Tarik Kabel Tanah TR NYFGbY 2x16 mm² | E89: meter | I89: =SUM(F89:H89) -> 0 | K89: ='RAB Pasang'!K89*60% -> 3552 | L89: =J89*I89 -> 0 | M89: =K89*I89 -> 0 | N89: =SUM(L89:M89) -> 0 | P89: 151 | Q89: 151 | R89: 104 | S89: 2000 | T89: =IF(S89=0,P89*Q89*R89/10^6,P89*Q89*R89/10^6/S89) -> 0.001185652
A90: =A89+1 -> 72 | B90: Gelar dan Tarik Kabel Tanah TR NYFGbY 4x70 mm² | E90: meter | I90: =SUM(F90:H90) -> 0 | K90: ='RAB Pasang'!K90*60% -> 11676 | L90: =J90*I90 -> 0 | M90: =K90*I90 -> 0 | N90: =SUM(L90:M90) -> 0 | P90: 151 | Q90: 151 | R90: 104 | S90: 500 | T90: =IF(S90=0,P90*Q90*R90/10^6,P90*Q90*R90/10^6/S90) -> 0.004742608
A91: =A90+1 -> 73 | B91: Gelar dan Tarik Kabel Tanah TR NYFGbY 4x95 mm² | E91: meter | I91: =SUM(F91:H91) -> 0 | K91: ='RAB Pasang'!K91*60% -> 17514 | L91: =J91*I91 -> 0 | M91: =K91*I91 -> 0 | N91: =SUM(L91:M91) -> 0 | P91: 151 | Q91: 151 | R91: 104 | S91: 450 | T91: =IF(S91=0,P91*Q91*R91/10^6,P91*Q91*R91/10^6/S91) -> 0.0052695644
A92: =A91+1 -> 74 | B92: Gelar dan Tarik Kabel Tanah TR NYFGbY 4x120 mm² | E92: meter | I92: =SUM(F92:H92) -> 0 | K92: ='RAB Pasang'!K92*60% -> 23352 | L92: =J92*I92 -> 0 | M92: =K92*I92 -> 0 | N92: =SUM(L92:M92) -> 0 | P92: 151 | Q92: 151 | R92: 104 | S92: 400 | T92: =IF(S92=0,P92*Q92*R92/10^6,P92*Q92*R92/10^6/S92) -> 0.00592826
A93: =A92+1 -> 75 | B93: Pemasangan LBS Manual | E93: set | I93: =SUM(F93:H93) -> 0 | K93: ='RAB Pasang'!K93*60% -> 2344878 | L93: =J93*I93 -> 0 | M93: =K93*I93 -> 0 | N93: =SUM(L93:M93) -> 0 | P93: 120 | Q93: 115 | R93: 76 | S93: 0 | T93: =IF(S93=0,P93*Q93*R93/10^6,P93*Q93*R93/10^6/S93) -> 1.0488
A94: =A93+1 -> 76 | B94: Pemasangan LBS Motorised | E94: set | I94: =SUM(F94:H94) -> 0 | K94: ='RAB Pasang'!K94*60% -> 2344878 | L94: =J94*I94 -> 0 | M94: =K94*I94 -> 0 | N94: =SUM(L94:M94) -> 0 | P94: 120 | Q94: 115 | R94: 75.5 | S94: 0 | T94: =IF(S94=0,P94*Q94*R94/10^6,P94*Q94*R94/10^6/S94) -> 1.0419
A95: =A94+1 -> 77 | B95: Pemasangan LBS 3Ways | E95: set | I95: =SUM(F95:H95) -> 0 | K95: ='RAB Pasang'!K95*60% -> 2542038 | L95: =J95*I95 -> 0 | M95: =K95*I95 -> 0 | N95: =SUM(L95:M95) -> 0 | P95: 120 | Q95: 115 | R95: 75.5 | S95: 0 | T95: =IF(S95=0,P95*Q95*R95/10^6,P95*Q95*R95/10^6/S95) -> 1.0419
A96: =A95+1 -> 78 | B96: Pemasangan Recloser | E96: set | I96: =SUM(F96:H96) -> 0 | K96: ='RAB Pasang'!K96*60% -> 2739198 | L96: =J96*I96 -> 0 | M96: =K96*I96 -> 0 | N96: =SUM(L96:M96) -> 0 | P96: 120 | Q96: 115 | R96: 75.5 | S96: 0 | T96: =IF(S96=0,P96*Q96*R96/10^6,P96*Q96*R96/10^6/S96) -> 1.0419
A97: =A96+1 -> 79 | B97: Pemasangan PMCB | E97: set | I97: =SUM(F97:H97) -> 0 | K97: ='RAB Pasang'!K97*60% -> 2936358 | L97: =J97*I97 -> 0 | M97: =K97*I97 -> 0 | N97: =SUM(L97:M97) -> 0 | P97: 122 | Q97: 128 | R97: 160 | S97: 0 | T97: =IF(S97=0,P97*Q97*R97/10^6,P97*Q97*R97/10^6/S97) -> 2.49856
A98: =A97+1 -> 80 | B98: Pemasangan Disconnecting Switch (DS) Pole Mounted | E98: set | I98: =SUM(F98:H98) -> 0 | K98: ='RAB Pasang'!K98*60% -> 1768878 | L98: =J98*I98 -> 0 | M98: =K98*I98 -> 0 | N98: =SUM(L98:M98) -> 0 | P98: 50 | Q98: 37 | R98: 14.5 | S98: 0 | T98: =IF(S98=0,P98*Q98*R98/10^6,P98*Q98*R98/10^6/S98)*3 -> 0.080475 | U98: 1 set isi 3
A99: =A98+1 -> 81 | B99: Pemasangan Kubikel CB 630 A - Non Isolated | E99: set | I99: =SUM(F99:H99) -> 0 | K99: ='RAB Pasang'!K99*60% -> 4952982 | L99: =J99*I99 -> 0 | M99: =K99*I99 -> 0 | N99: =SUM(L99:M99) -> 0 | P99: 95 | Q99: 75 | R99: 190 | S99: 0 | T99: =IF(S99=0,P99*Q99*R99/10^6,P99*Q99*R99/10^6/S99) -> 1.35375
A100: =A99+1 -> 82 | B100: Pemasangan Kubikel DS 630 A - Non Isolated | E100: set | I100: =SUM(F100:H100) -> 0 | K100: ='RAB Pasang'!K100*60% -> 4952982 | L100: =J100*I100 -> 0 | M100: =K100*I100 -> 0 | N100: =SUM(L100:M100) -> 0 | P100: 95 | Q100: 75 | R100: 190 | S100: 0 | T100: =IF(S100=0,P100*Q100*R100/10^6,P100*Q100*R100/10^6/S100) -> 1.35375
A101: =A100+1 -> 83 | B101: Pemasangan Kubikel Metering 630 A - Non Isolated | E101: set | I101: =SUM(F101:H101) -> 0 | K101: ='RAB Pasang'!K101*60% -> 4952982 | L101: =J101*I101 -> 0 | M101: =K101*I101 -> 0 | N101: =SUM(L101:M101) -> 0 | P101: 95 | Q101: 60 | R101: 190 | S101: 0 | T101: =IF(S101=0,P101*Q101*R101/10^6,P101*Q101*R101/10^6/S101) -> 1.083
A102: =A101+1 -> 84 | B102: Pemasangan Kubikel CB 1250 A - Non Isolated | E102: set | I102: =SUM(F102:H102) -> 0 | K102: ='RAB Pasang'!K102*60% -> 4952982 | L102: =J102*I102 -> 0 | M102: =K102*I102 -> 0 | N102: =SUM(L102:M102) -> 0 | P102: 100 | Q102: 100 | R102: 190 | S102: 0 | T102: =IF(S102=0,P102*Q102*R102/10^6,P102*Q102*R102/10^6/S102) -> 1.9
A103: =A102+1 -> 85 | B103: Pemasangan Kubikel DS 1250 A - Non Isolated | E103: set | I103: =SUM(F103:H103) -> 0 | K103: ='RAB Pasang'!K103*60% -> 4952982 | L103: =J103*I103 -> 0 | M103: =K103*I103 -> 0 | N103: =SUM(L103:M103) -> 0 | P103: 100 | Q103: 100 | R103: 190 | S103: 0 | T103: =IF(S103=0,P103*Q103*R103/10^6,P103*Q103*R103/10^6/S103) -> 1.9
A104: =A103+1 -> 86 | B104: Pemasangan Kubikel Metering 1250 A - Non Isolated | E104: set | I104: =SUM(F104:H104) -> 0 | K104: ='RAB Pasang'!K104*60% -> 4952982 | L104: =J104*I104 -> 0 | M104: =K104*I104 -> 0 | N104: =SUM(L104:M104) -> 0 | P104: 100 | Q104: 100 | R104: 190 | S104: 0 | T104: =IF(S104=0,P104*Q104*R104/10^6,P104*Q104*R104/10^6/S104) -> 1.9
A105: =A104+1 -> 87 | B105: Pemasangan Kubikel CB 630 A - Isolated | E105: set | I105: =SUM(F105:H105) -> 0 | K105: ='RAB Pasang'!K105*60% -> 4952982 | L105: =J105*I105 -> 0 | M105: =K105*I105 -> 0 | N105: =SUM(L105:M105) -> 0 | P105: 90 | Q105: 50 | R105: 165 | S105: 0 | T105: =IF(S105=0,P105*Q105*R105/10^6,P105*Q105*R105/10^6/S105) -> 0.7425
A106: =A105+1 -> 88 | B106: Pemasangan Kubikel DS 630 A - Isolated | E106: set | I106: =SUM(F106:H106) -> 0 | K106: ='RAB Pasang'!K106*60% -> 4952982 | L106: =J106*I106 -> 0 | M106: =K106*I106 -> 0 | N106: =SUM(L106:M106) -> 0 | P106: 90 | Q106: 50 | R106: 165 | S106: 0 | T106: =IF(S106=0,P106*Q106*R106/10^6,P106*Q106*R106/10^6/S106) -> 0.7425
A107: =A106+1 -> 89 | B107: Pemasangan Kubikel Metering 630 A - Isolated | E107: set | I107: =SUM(F107:H107) -> 0 | K107: ='RAB Pasang'!K107*60% -> 4952982 | L107: =J107*I107 -> 0 | M107: =K107*I107 -> 0 | N107: =SUM(L107:M107) -> 0 | P107: 90 | Q107: 50 | R107: 165 | S107: 0 | T107: =IF(S107=0,P107*Q107*R107/10^6,P107*Q107*R107/10^6/S107) -> 0.7425
A108: =A107+1 -> 90 | B108: Pemasangan Kubikel CB 1250 A - Isolated | E108: set | I108: =SUM(F108:H108) -> 0 | K108: ='RAB Pasang'!K108*60% -> 4952982 | L108: =J108*I108 -> 0 | M108: =K108*I108 -> 0 | N108: =SUM(L108:M108) -> 0 | P108: 95 | Q108: 75 | R108: 180 | S108: 0 | T108: =IF(S108=0,P108*Q108*R108/10^6,P108*Q108*R108/10^6/S108) -> 1.2825
A109: =A108+1 -> 91 | B109: Pemasangan Kubikel DS 1250 A - Isolated | E109: set | I109: =SUM(F109:H109) -> 0 | K109: ='RAB Pasang'!K109*60% -> 4952982 | L109: =J109*I109 -> 0 | M109: =K109*I109 -> 0 | N109: =SUM(L109:M109) -> 0 | P109: 95 | Q109: 75 | R109: 180 | S109: 0 | T109: =IF(S109=0,P109*Q109*R109/10^6,P109*Q109*R109/10^6/S109) -> 1.2825
A110: =A109+1 -> 92 | B110: Pemasangan Kubikel Metering 1250 A - Isolated | E110: set | I110: =SUM(F110:H110) -> 0 | K110: ='RAB Pasang'!K110*60% -> 4952982 | L110: =J110*I110 -> 0 | M110: =K110*I110 -> 0 | N110: =SUM(L110:M110) -> 0 | P110: 95 | Q110: 75 | R110: 180 | S110: 0 | T110: =IF(S110=0,P110*Q110*R110/10^6,P110*Q110*R110/10^6/S110) -> 1.2825
... A123: =A122+1 -> 105 | B123: Pemasangan Papan Hubung Bagi SKTR (PHB SKTR) | E123: set | I123: =SUM(F123:H123) -> 0 | K123: ='RAB Pasang'!K123*60% -> 978018 | L123: =J123*I123 -> 0 | M123: =K123*I123 -> 0 | N123: =SUM(L123:M123) -> 0 | P123: 100 | Q123: 40 | R123: 120 | S123: 0 | T123: =IF(S123=0,P123*Q123*R123/10^6,P123*Q123*R123/10^6/S123) -> 0.48
A124: =A123+1 -> 106 | B124: Pemasangan Supersun & Kelengkapannya | E124: set | I124: =SUM(F124:H124) -> 0 | K124: ='RAB Pasang'!K124*60% -> 1309566 | L124: =J124*I124 -> 0 | M124: =K124*I124 -> 0 | N124: =SUM(L124:M124) -> 0 | P124: 230 | Q124: 113 | R124: 3.5 | S124: 0 | T124: =IF(S124=0,P124*Q124*R124/10^6,P124*Q124*R124/10^6/S124) -> 0.090965 | U124: 1 Panel 550Wp
B125: JUMLAH MATERIAL UTAMA (A) | L125: =SUM(L19:L124) -> 0 | M125: =SUM(M19:M124) -> 0 | N125: =SUM(N19:N124) -> 0
A127: B | B127: MATERIAL NON UTAMA
A128: 1 | B128: Fuselink 2 A - 20 A | E128: buah | I128: =SUM(F128:H128) -> 0 | K128: ='RAB Pasang'!K128*60% -> 8214 | L128: =J128*I128 -> 0 | M128: =K128*I128 -> 0 | N128: =SUM(L128:M128) -> 0
A129: =A128+1 -> 2 | B129: Pengikat Konduktor / Top Ties Semi Konduktor 70 mm² | E129: buah | I129: =SUM(F129:H129) -> 0 | K129: ='RAB Pasang'!K129*60% -> 17526 | L129: =J129*I129 -> 0 | M129: =K129*I129 -> 0 | N129: =SUM(L129:M129) -> 0
A130: =A129+1 -> 3 | B130: Pengikat Konduktor / Side Ties Semi Konduktor 70 mm² | E130: buah | I130: =SUM(F130:H130) -> 0 | K130: ='RAB Pasang'!K130*60% -> 17526 | L130: =J130*I130 -> 0 | M130: =K130*I130 -> 0 | N130: =SUM(L130:M130) -> 0
A131: =A130+1 -> 4 | B131: Pengikat Konduktor / Top Ties Semi Konduktor 150 mm² | E131: buah | I131: =SUM(F131:H131) -> 0 | K131: ='RAB Pasang'!K131*60% -> 17526 | L131: =J131*I131 -> 0 | M131: =K131*I131 -> 0 | N131: =SUM(L131:M131) -> 0
A132: =A131+1 -> 5 | B132: Pengikat Konduktor / Side Ties Semi Konduktor 150 mm² | E132: buah | I132: =SUM(F132:H132) -> 0 | K132: ='RAB Pasang'!K132*60% -> 17526 | L132: =J132*I132 -> 0 | M132: =K132*I132 -> 0 | N132: =SUM(L132:M132) -> 0
A133: =A132+1 -> 6 | B133: Pengikat Konduktor / Top Ties Semi Konduktor 240 mm² | E133: buah | I133: =SUM(F133:H133) -> 0 | K133: ='RAB Pasang'!K133*60% -> 17526 | L133: =J133*I133 -> 0 | M133: =K133*I133 -> 0 | N133: =SUM(L133:M133) -> 0
...

Sheet RAB Perbaikan
A4: RAB PEKERJAAN PEMBONGKARAN KONSTRUKSI JARINGAN DISTRIBUSI KUPANG - KHS 2026
A6: =REKAP!B8&REKAP!E8&REKAP!F8 -> NAMA PEKERJAAN : UNTUK LOKASI
A7: =REKAP!B9&REKAP!E9&REKAP!F9 -> UNIT : ULP KUPANG
A13: NO | B13: URAIAN MATERIAL / PEKERJAAN | E13: SATUAN | F13: VOLUME | J13: HARGA SATUAN | L13: HARGA BAGIAN | N13: JUMLAH HARGA | P13: Asumsi Ukuran | S13: Perkiraan Panjang | T13: Perkiraan Kubikasi
F14: JTM | G14: Gardu | H14: JTR | I14: Total | J14: BAHAN | K14: UPAH | L14: BAHAN | M14: UPAH | P14: P | Q14: L | R14: T
J15: (Rp) | K15: (Rp) | L15: (Rp) | M15: (Rp) | N15: (Rp) | P15: cm | Q15: cm | R15: cm | S15: m/haspel | T15: m3/item
A16: 1 | B16: 2 | E16: 3 | F16: 4 | G16: 5 | H16: 6 | I16: 7=4+5+6 | J16: 8 | K16: 9 | L16: 10=7x8 | M16: 11=7x9 | N16: 12=10+11 | P16: 13 | Q16: 14 | R16: 15 | S16: 16 | T16: 17=13x14x15/10^6/16
A18: A | B18: MATERIAL UTAMA (Disediakan PLN)
A19: 1 | B19: Mendirikan Tiang Beton 9 meter 200 daN | E19: batang | I19: =SUM(F19:H19) -> 0 | K19: ='RAB Pasang'!K19*40% -> 447128 | L19: =J19*I19 -> 0 | M19: =K19*I19 -> 0 | N19: =SUM(L19:M19) -> 0
A20: =A19+1 -> 2 | B20: Mendirikan Tiang Beton 12 meter 200 daN | E20: batang | I20: =SUM(F20:H20) -> 0 | K20: ='RAB Pasang'!K20*40% -> 639124 | L20: =J20*I20 -> 0 | M20: =K20*I20 -> 0 | N20: =SUM(L20:M20) -> 0
A21: =A20+1 -> 3 | B21: Mendirikan Tiang Beton 12 meter 350 daN | E21: batang | I21: =SUM(F21:H21) -> 0 | K21: ='RAB Pasang'!K21*40% -> 735124 | L21: =J21*I21 -> 0 | M21: =K21*I21 -> 0 | N21: =SUM(L21:M21) -> 0
A22: =A21+1 -> 4 | B22: Mendirikan Tiang Beton 13 meter 350 daN | E22: batang | I22: =SUM(F22:H22) -> 0 | K22: ='RAB Pasang'!K22*40% -> 852164 | L22: =J22*I22 -> 0 | M22: =K22*I22 -> 0 | N22: =SUM(L22:M22) -> 0
A23: =A22+1 -> 5 | B23: Mendirikan Tiang Beton 14 meter 350 daN | E23: batang | I23: =SUM(F23:H23) -> 0 | K23: ='RAB Pasang'!K23*40% -> 1278248 | L23: =J23*I23 -> 0 | M23: =K23*I23 -> 0 | N23: =SUM(L23:M23) -> 0
A24: =A23+1 -> 6 | B24: Mendirikan Tiang Baja 7 meter 100 daN | E24: batang | I24: =SUM(F24:H24) -> 0 | K24: ='RAB Pasang'!K24*40% -> 179884 | L24: =J24*I24 -> 0 | M24: =K24*I24 -> 0 | N24: =SUM(L24:M24) -> 0
A25: =A24+1 -> 7 | B25: Mendirikan Tiang Baja 9 meter 100 daN | E25: batang | I25: =SUM(F25:H25) -> 0 | K25: ='RAB Pasang'!K25*40% -> 284056 | L25: =J25*I25 -> 0 | M25: =K25*I25 -> 0 | N25: =SUM(L25:M25) -> 0
A26: =A25+1 -> 8 | B26: Mendirikan Tiang Baja 9 meter 200 daN | E26: batang | I26: =SUM(F26:H26) -> 0 | K26: ='RAB Pasang'!K26*40% -> 340180 | L26: =J26*I26 -> 0 | M26: =K26*I26 -> 0 | N26: =SUM(L26:M26) -> 0
A27: =A26+1 -> 9 | B27: Mendirikan Tiang Baja 11 meter 200 daN | E27: batang | I27: =SUM(F27:H27) -> 0 | K27: ='RAB Pasang'!K27*40% -> 398488 | L27: =J27*I27 -> 0 | M27: =K27*I27 -> 0 | N27: =SUM(L27:M27) -> 0
A28: =A27+1 -> 10 | B28: Mendirikan Tiang Baja 12 meter 200 daN | E28: batang | I28: =SUM(F28:H28) -> 0 | K28: ='RAB Pasang'!K28*40% -> 455412 | L28: =J28*I28 -> 0 | M28: =K28*I28 -> 0 | N28: =SUM(L28:M28) -> 0
A29: =A28+1 -> 11 | B29: Mendirikan Tiang Baja 12 meter 350 daN | E29: batang | I29: =SUM(F29:H29) -> 0 | K29: ='RAB Pasang'!K29*40% -> 531316 | L29: =J29*I29 -> 0 | M29: =K29*I29 -> 0 | N29: =SUM(L29:M29) -> 0
A30: =A29+1 -> 12 | B30: Mendirikan Tiang Baja 13 meter 350 daN | E30: batang | I30: =SUM(F30:H30) -> 0 | K30: ='RAB Pasang'!K30*40% -> 637580 | L30: =J30*I30 -> 0 | M30: =K30*I30 -> 0 | N30: =SUM(L30:M30) -> 0
A31: =A30+1 -> 13 | B31: Mendirikan Tiang Baja 14 meter 350 daN | E31: batang | I31: =SUM(F31:H31) -> 0 | K31: ='RAB Pasang'!K31*40% -> 702264 | L31: =J31*I31 -> 0 | M31: =K31*I31 -> 0 | N31: =SUM(L31:M31) -> 0
A32: =A31+1 -> 14 | B32: Pasang Isolator tumpu 20 kV Porcelin | E32: buah | I32: =SUM(F32:H32) -> 0 | K32: ='RAB Pasang'!K32*40% -> 27568 | L32: =J32*I32 -> 0 | M32: =K32*I32 -> 0 | N32: =SUM(L32:M32) -> 0 | P32: 15 | Q32: 15 | R32: 47 | S32: 0 | T32: =IF(S32=0,P32*Q32*R32/10^6,P32*Q32*R32/10^6/S32) -> 0.010575
A33: =A32+1 -> 15 | B33: Pasang Isolator tarik 20 kV Porcelin | E33: buah | I33: =SUM(F33:H33) -> 0 | K33: ='RAB Pasang'!K33*40% -> 30324 | L33: =J33*I33 -> 0 | M33: =K33*I33 -> 0 | N33: =SUM(L33:M33) -> 0 | P33: 30 | Q33: 25.4 | R33: 25.4 | S33: 0 | T33: =IF(S33=0,P33*Q33*R33/10^6,P33*Q33*R33/10^6/S33) -> 0.0193548
A34: =A33+1 -> 16 | B34: Pasang Isolator tumpu 20 kV Polimer | E34: buah | I34: =SUM(F34:H34) -> 0 | K34: ='RAB Pasang'!K34*40% -> 25272 | L34: =J34*I34 -> 0 | M34: =K34*I34 -> 0 | N34: =SUM(L34:M34) -> 0 | P34: 15 | Q34: 15 | R34: 47 | S34: 0 | T34: =IF(S34=0,P34*Q34*R34/10^6,P34*Q34*R34/10^6/S34) -> 0.010575
A35: =A34+1 -> 17 | B35: Pasang Isolator tarik 20 kV Polimer | E35: buah | I35: =SUM(F35:H35) -> 0 | K35: ='RAB Pasang'!K35*40% -> 27568 | L35: =J35*I35 -> 0 | M35: =K35*I35 -> 0 | N35: =SUM(L35:M35) -> 0 | P35: 73 | Q35: 17 | R35: 11 | S35: 0 | T35: =IF(S35=0,P35*Q35*R35/10^6,P35*Q35*R35/10^6/S35) -> 0.013651
A36: =A35+1 -> 18 | B36: Pasang Cut Out 20 kV | E36: buah | I36: =SUM(F36:H36) -> 0 | K36: ='RAB Pasang'!K36*40% -> 27568 | L36: =J36*I36 -> 0 | M36: =K36*I36 -> 0 | N36: =SUM(L36:M36) -> 0 | P36: 50 | Q36: 37 | R36: 14.5 | S36: 0 | T36: =IF(S36=0,P36*Q36*R36/10^6,P36*Q36*R36/10^6/S36) -> 0.026825
A37: =A36+1 -> 19 | B37: Pasang Lightning Arrester 24 kV | E37: buah | I37: =SUM(F37:H37) -> 0 | K37: ='RAB Pasang'!K37*40% -> 27568 | L37: =J37*I37 -> 0 | M37: =K37*I37 -> 0 | N37: =SUM(L37:M37) -> 0 | P37: 24 | Q37: 17 | R37: 26 | S37: 0 | T37: =IF(S37=0,P37*Q37*R37/10^6,P37*Q37*R37/10^6/S37) -> 0.010608
A38: =A37+1 -> 20 | B38: Pasang Trafo 3 phs 25 kVA - 20 kV | E38: buah | I38: =SUM(F38:H38) -> 0 | K38: ='RAB Pasang'!K38*40% -> 709988 | L38: =J38*I38 -> 0 | M38: =K38*I38 -> 0 | N38: =SUM(L38:M38) -> 0 | P38: 76 | Q38: 51 | R38: 102 | S38: 0 | T38: =IF(S38=0,P38*Q38*R38/10^6,P38*Q38*R38/10^6/S38) -> 0.395352
A39: =A38+1 -> 21 | B39: Pasang Trafo 3 phs 50 kVA - 20 kV | E39: buah | I39: =SUM(F39:H39) -> 0 | K39: ='RAB Pasang'!K39*40% -> 774152 | L39: =J39*I39 -> 0 | M39: =K39*I39 -> 0 | N39: =SUM(L39:M39) -> 0 | P39: 88 | Q39: 54 | R39: 111 | S39: 0 | T39: =IF(S39=0,P39*Q39*R39/10^6,P39*Q39*R39/10^6/S39) -> 0.527472
A40: =A39+1 -> 22 | B40: Pasang Trafo 3 phs 100 kVA - 20 kV | E40: buah | I40: =SUM(F40:H40) -> 0 | K40: ='RAB Pasang'!K40*40% -> 870400 | L40: =J40*I40 -> 0 | M40: =K40*I40 -> 0 | N40: =SUM(L40:M40) -> 0 | P40: 96 | Q40: 65 | R40: 116 | S40: 0 | T40: =IF(S40=0,P40*Q40*R40/10^6,P40*Q40*R40/10^6/S40) -> 0.72384
A41: =A40+1 -> 23 | B41: Pasang Trafo 3 phs 160 kVA - 20 kV | E41: buah | I41: =SUM(F41:H41) -> 0 | K41: ='RAB Pasang'!K41*40% -> 996680 | L41: =J41*I41 -> 0 | M41: =K41*I41 -> 0 | N41: =SUM(L41:M41) -> 0 | P41: 103 | Q41: 74 | R41: 128 | S41: 0 | T41: =IF(S41=0,P41*Q41*R41/10^6,P41*Q41*R41/10^6/S41) -> 0.975616
A42: =A41+1 -> 24 | B42: Pasang Trafo 3 phs 200 kVA - 20 kV | E42: buah | I42: =SUM(F42:H42) -> 0 | K42: ='RAB Pasang'!K42*40% -> 1220200 | L42: =J42*I42 -> 0 | M42: =K42*I42 -> 0 | N42: =SUM(L42:M42) -> 0 | P42: 107 | Q42: 81 | R42: 133 | S42: 0 | T42: =IF(S42=0,P42*Q42*R42/10^6,P42*Q42*R42/10^6/S42) -> 1.152711
A43: =A42+1 -> 25 | B43: Pasang Trafo 3 phs 250 kVA - 20 kV | E43: buah | I43: =SUM(F43:H43) -> 0 | K43: ='RAB Pasang'!K43*40% -> 1285920 | L43: =J43*I43 -> 0 | M43: =K43*I43 -> 0 | N43: =SUM(L43:M43) -> 0 | P43: 114 | Q43: 84 | R43: 136 | S43: 0 | T43: =IF(S43=0,P43*Q43*R43/10^6,P43*Q43*R43/10^6/S43) -> 1.302336
... A46: =A45+1 -> 28 | B46: Pasang Trafo 3 phs 1000 kVA - 20 kV | E46: buah | I46: =SUM(F46:H46) -> 0 | K46: ='RAB Pasang'!K46*40% -> 1477920 | L46: =J46*I46 -> 0 | M46: =K46*I46 -> 0 | N46: =SUM(L46:M46) -> 0 | P46: 166 | Q46: 112 | R46: 187 | S46: 0 | T46: =IF(S46=0,P46*Q46*R46/10^6,P46*Q46*R46/10^6/S46) -> 3.476704
A47: =A46+1 -> 29 | B47: Pasang Konduktor SUTM AAAC 3x35 mm² | E47: ms | I47: =SUM(F47:H47) -> 0 | K47: ='RAB Pasang'!K47*40% -> 2412.86 | L47: =J47*I47 -> 0 | M47: =K47*I47 -> 0 | N47: =SUM(L47:M47) -> 0 | P47: 145 | Q47: 145 | R47: 60 | S47: 3000 | T47: =IF(S47=0,P47*Q47*R47/10^6,P47*Q47*R47/10^6/S47) -> 0.0004205 | U47: Konversi satuan dan harga dari kms ke ms (KHS dalam kms)
A48: =A47+1 -> 30 | B48: Pasang Konduktor SUTM AAAC 3x50 mm² | E48: ms | I48: =SUM(F48:H48) -> 0 | K48: ='RAB Pasang'!K48*40% -> 2969.676 | L48: =J48*I48 -> 0 | M48: =K48*I48 -> 0 | N48: =SUM(L48:M48) -> 0 | P48: 145 | Q48: 145 | R48: 70 | S48: 3000 | T48: =IF(S48=0,P48*Q48*R48/10^6,P48*Q48*R48/10^6/S48) -> 0.00049058333 | U48: Konversi satuan dan harga dari kms ke ms (KHS dalam kms)
A49: =A48+1 -> 31 | B49: Pasang Konduktor SUTM AAAC 3x70 mm² | E49: ms | I49: =SUM(F49:H49) -> 0 | K49: ='RAB Pasang'!K49*40% -> 3509.616 | L49: =J49*I49 -> 0 | M49: =K49*I49 -> 0 | N49: =SUM(L49:M49) -> 0 | P49: 145 | Q49: 145 | R49: 85 | S49: 3000 | T49: =IF(S49=0,P49*Q49*R49/10^6,P49*Q49*R49/10^6/S49) -> 0.00059570833 | U49: Konversi satuan dan harga dari kms ke ms (KHS dalam kms)
A50: =A49+1 -> 32 | B50: Pasang Konduktor SUTM AAAC 3x95 mm² | E50: ms | I50: =SUM(F50:H50) -> 0 | K50: ='RAB Pasang'!K50*40% -> 4289.532 | L50: =J50*I50 -> 0 | M50: =K50*I50 -> 0 | N50: =SUM(L50:M50) -> 0 | P50: 145 | Q50: 145 | R50: 95 | S50: 2000 | T50: =IF(S50=0,P50*Q50*R50/10^6,P50*Q50*R50/10^6/S50) -> 0.0009986875 | U50: Konversi satuan dan harga dari kms ke ms (KHS dalam kms)
A51: =A50+1 -> 33 | B51: Pasang Konduktor SUTM AAAC 3x120 mm² | E51: ms | I51: =SUM(F51:H51) -> 0 | K51: ='RAB Pasang'!K51*40% -> 5515.112 | L51: =J51*I51 -> 0 | M51: =K51*I51 -> 0 | N51: =SUM(L51:M51) -> 0 | P51: 145 | Q51: 145 | R51: 100 | S51: 2000 | T51: =IF(S51=0,P51*Q51*R51/10^6,P51*Q51*R51/10^6/S51) -> 0.00105125 | U51: Konversi satuan dan harga dari kms ke ms (KHS dalam kms)
A52: =A51+1 -> 34 | B52: Pasang Konduktor SUTM AAAC 3x150 mm² | E52: ms | I52: =SUM(F52:H52) -> 0 | K52: ='RAB Pasang'!K52*40% -> 6434.296 | L52: =J52*I52 -> 0 | M52: =K52*I52 -> 0 | N52: =SUM(L52:M52) -> 0 | P52: 145 | Q52: 145 | R52: 110 | S52: 2000 | T52: =IF(S52=0,P52*Q52*R52/10^6,P52*Q52*R52/10^6/S52) -> 0.001156375 | U52: Konversi satuan dan harga dari kms ke ms (KHS dalam kms)
A53: =A52+1 -> 35 | B53: Pasang Konduktor SUTM AAAC 3x240 mm² | E53: ms | I53: =SUM(F53:H53) -> 0 | K53: ='RAB Pasang'!K53*40% -> 8774.04 | L53: =J53*I53 -> 0 | M53: =K53*I53 -> 0 | N53: =SUM(L53:M53) -> 0 | P53: 145 | Q53: 145 | R53: 120 | S53: 1000 | T53: =IF(S53=0,P53*Q53*R53/10^6,P53*Q53*R53/10^6/S53) -> 0.002523 | U53: Konversi satuan dan harga dari kms ke ms (KHS dalam kms)
A54: =A53+1 -> 36 | B54: Pasang Konduktor SUTM AAAC/S 3x50 mm² | E54: ms | I54: =SUM(F54:H54) -> 0 | K54: ='RAB Pasang'!K54*40% -> 3016.076 | L54: =J54*I54 -> 0 | M54: =K54*I54 -> 0 | N54: =SUM(L54:M54) -> 0 | P54: 145 | Q54: 145 | R54: 70 | S54: 3000 | T54: =IF(S54=0,P54*Q54*R54/10^6,P54*Q54*R54/10^6/S54) -> 0.00049058333 | U54: Konversi satuan dan harga dari kms ke ms (KHS dalam kms)
A55: =A54+1 -> 37 | B55: Pasang Konduktor SUTM AAAC/S 3x70 mm² | E55: ms | I55: =SUM(F55:H55) -> 0 | K55: ='RAB Pasang'!K55*40% -> 3574.608 | L55: =J55*I55 -> 0 | M55: =K55*I55 -> 0 | N55: =SUM(L55:M55) -> 0 | P55: 145 | Q55: 145 | R55: 85 | S55: 3000 | T55: =IF(S55=0,P55*Q55*R55/10^6,P55*Q55*R55/10^6/S55) -> 0.00059570833 | U55: Konversi satuan dan harga dari kms ke ms (KHS dalam kms)
A56: =A55+1 -> 38 | B56: Pasang Konduktor SUTM AAAC/S 3x95 mm² | E56: ms | I56: =SUM(F56:H56) -> 0 | K56: ='RAB Pasang'!K56*40% -> 4387.02 | L56: =J56*I56 -> 0 | M56: =K56*I56 -> 0 | N56: =SUM(L56:M56) -> 0 | P56: 145 | Q56: 145 | R56: 95 | S56: 2000 | T56: =IF(S56=0,P56*Q56*R56/10^6,P56*Q56*R56/10^6/S56) -> 0.0009986875 | U56: Konversi satuan dan harga dari kms ke ms (KHS dalam kms)
A57: =A56+1 -> 39 | B57: Pasang Konduktor SUTM AAAC/S 3x120 mm² | E57: ms | I57: =SUM(F57:H57) -> 0 | K57: ='RAB Pasang'!K57*40% -> 5677.32 | L57: =J57*I57 -> 0 | M57: =K57*I57 -> 0 | N57: =SUM(L57:M57) -> 0 | P57: 145 | Q57: 145 | R57: 100 | S57: 2000 | T57: =IF(S57=0,P57*Q57*R57/10^6,P57*Q57*R57/10^6/S57) -> 0.00105125 | U57: Konversi satuan dan harga dari kms ke ms (KHS dalam kms)
A58: =A57+1 -> 40 | B58: Pasang Konduktor SUTM AAAC/S 3x150 mm² | E58: ms | I58: =SUM(F58:H58) -> 0 | K58: ='RAB Pasang'!K58*40% -> 6656.168 | L58: =J58*I58 -> 0 | M58: =K58*I58 -> 0 | N58: =SUM(L58:M58) -> 0 | P58: 145 | Q58: 145 | R58: 110 | S58: 2000 | T58: =IF(S58=0,P58*Q58*R58/10^6,P58*Q58*R58/10^6/S58) -> 0.001156375 | U58: Konversi satuan dan harga dari kms ke ms (KHS dalam kms)
... A63: =A62+1 -> 45 | B63: Pasang Konduktor SKUTM (MVTIC) NFA2XSY-T 3x240+50mm² | E63: ms | I63: =SUM(F63:H63) -> 0 | K63: ='RAB Pasang'!K63*40% -> 5495.828 | L63: =J63*I63 -> 0 | M63: =K63*I63 -> 0 | N63: =SUM(L63:M63) -> 0 | P63: 220 | Q63: 220 | R63: 141 | S63: 300 | T63: =IF(S63=0,P63*Q63*R63/10^6,P63*Q63*R63/10^6/S63) -> 0.022748 | U63: Konversi satuan dan harga dari kms ke ms (KHS dalam kms)
A64: =A63+1 -> 46 | B64: Gelar dan Tarik Kabel Tanah TM (SKTM) NA2XSEYBY 3 x 70mm² | E64: meter | I64: =SUM(F64:H64) -> 0 | K64: ='RAB Pasang'!K64*40% -> 9096 | L64: =J64*I64 -> 0 | M64: =K64*I64 -> 0 | N64: =SUM(L64:M64) -> 0 | P64: 220 | Q64: 220 | R64: 135 | S64: 400 | T64: =IF(S64=0,P64*Q64*R64/10^6,P64*Q64*R64/10^6/S64) -> 0.016335
A65: =A64+1 -> 47 | B65: Gelar dan Tarik Kabel Tanah TM (SKTM) NA2XSEYBY 3 x 95mm² | E65: meter | I65: =SUM(F65:H65) -> 0 | K65: ='RAB Pasang'!K65*40% -> 10108 | L65: =J65*I65 -> 0 | M65: =K65*I65 -> 0 | N65: =SUM(L65:M65) -> 0 | P65: 220 | Q65: 220 | R65: 135 | S65: 350 | T65: =IF(S65=0,P65*Q65*R65/10^6,P65*Q65*R65/10^6/S65) -> 0.018668571
A66: =A65+1 -> 48 | B66: Gelar dan Tarik Kabel Tanah TM (SKTM) NA2XSEYBY 3 x 150mm² | E66: meter | I66: =SUM(F66:H66) -> 0 | K66: ='RAB Pasang'!K66*40% -> 12996 | L66: =J66*I66 -> 0 | M66: =K66*I66 -> 0 | N66: =SUM(L66:M66) -> 0 | P66: 220 | Q66: 220 | R66: 135 | S66: 300 | T66: =IF(S66=0,P66*Q66*R66/10^6,P66*Q66*R66/10^6/S66) -> 0.02178
A67: =A66+1 -> 49 | B67: Gelar dan Tarik Kabel Tanah TM (SKTM) NA2XSEYBY 3 x 240mm² | E67: meter | I67: =SUM(F67:H67) -> 0 | K67: ='RAB Pasang'!K67*40% -> 18196 | L67: =J67*I67 -> 0 | M67: =K67*I67 -> 0 | N67: =SUM(L67:M67) -> 0 | P67: 220 | Q67: 220 | R67: 135 | S67: 250 | T67: =IF(S67=0,P67*Q67*R67/10^6,P67*Q67*R67/10^6/S67) -> 0.026136
A68: =A67+1 -> 50 | B68: Gelar dan Tarik Kabel Tanah TM (SKTM) NA2XSEYBY 3 x 300mm² | E68: meter | I68: =SUM(F68:H68) -> 0 | K68: ='RAB Pasang'!K68*40% -> 22744 | L68: =J68*I68 -> 0 | M68: =K68*I68 -> 0 | N68: =SUM(L68:M68) -> 0 | P68: 220 | Q68: 220 | R68: 135 | S68: 200 | T68: =IF(S68=0,P68*Q68*R68/10^6,P68*Q68*R68/10^6/S68) -> 0.03267
A69: =A68+1 -> 51 | B69: Gelar dan Tarik Kabel Tanah TM (SKTM) NA2XSEYBY 1 x 35mm² | E69: meter | I69: =SUM(F69:H69) -> 0 | K69: ='RAB Pasang'!K69*40% -> 5352 | L69: =J69*I69 -> 0 | M69: =K69*I69 -> 0 | N69: =SUM(L69:M69) -> 0 | P69: 220 | Q69: 220 | R69: 135 | S69: 500 | T69: =IF(S69=0,P69*Q69*R69/10^6,P69*Q69*R69/10^6/S69) -> 0.013068
A70: =A69+1 -> 52 | B70: Gelar dan Tarik Kabel Tanah TM (SKTM) NA2XSEYBY 1 x 50mm² | E70: meter | I70: =SUM(F70:H70) -> 0 | K70: ='RAB Pasang'!K70*40% -> 6500 | L70: =J70*I70 -> 0 | M70: =K70*I70 -> 0 | N70: =SUM(L70:M70) -> 0 | P70: 220 | Q70: 220 | R70: 135 | S70: 450 | T70: =IF(S70=0,P70*Q70*R70/10^6,P70*Q70*R70/10^6/S70) -> 0.01452
A71: =A70+1 -> 53 | B71: Gelar dan Tarik Kabel Tanah TM (SKTM) NA2XSEYBY 1 x 70mm² | E71: meter | I71: =SUM(F71:H71) -> 0 | K71: ='RAB Pasang'!K71*40% -> 7580 | L71: =J71*I71 -> 0 | M71: =K71*I71 -> 0 | N71: =SUM(L71:M71) -> 0 | P71: 220 | Q71: 220 | R71: 135 | S71: 400 | T71: =IF(S71=0,P71*Q71*R71/10^6,P71*Q71*R71/10^6/S71) -> 0.016335
A72: =A71+1 -> 54 | B72: Gelar dan Tarik Kabel Tanah TM (SKTM) NA2XSEYBY 1 x 95mm² | E72: meter | I72: =SUM(F72:H72) -> 0 | K72: ='RAB Pasang'!K72*40% -> 9096 | L72: =J72*I72 -> 0 | M72: =K72*I72 -> 0 | N72: =SUM(L72:M72) -> 0 | P72: 220 | Q72: 220 | R72: 135 | S72: 350 | T72: =IF(S72=0,P72*Q72*R72/10^6,P72*Q72*R72/10^6/S72) -> 0.018668571
A73: =A72+1 -> 55 | B73: Gelar dan Tarik Kabel Tanah TM (SKTM) NA2XSEYBY 1 x 150mm² | E73: meter | I73: =SUM(F73:H73) -> 0 | K73: ='RAB Pasang'!K73*40% -> 10704 | L73: =J73*I73 -> 0 | M73: =K73*I73 -> 0 | N73: =SUM(L73:M73) -> 0 | P73: 220 | Q73: 220 | R73: 135 | S73: 300 | T73: =IF(S73=0,P73*Q73*R73/10^6,P73*Q73*R73/10^6/S73) -> 0.02178
A74: =A73+1 -> 56 | B74: Gelar dan Tarik Kabel Tanah TM (SKTM) NA2XSEYBY 1 x 240mm² | E74: meter | I74: =SUM(F74:H74) -> 0 | K74: ='RAB Pasang'!K74*40% -> 13996 | L74: =J74*I74 -> 0 | M74: =K74*I74 -> 0 | N74: =SUM(L74:M74) -> 0 | P74: 220 | Q74: 220 | R74: 135 | S74: 250 | T74: =IF(S74=0,P74*Q74*R74/10^6,P74*Q74*R74/10^6/S74) -> 0.026136
A75: =A74+1 -> 57 | B75: Gelar dan Tarik Kabel Tanah TM (SKTM) NA2XSEYBY 1 x 300mm² | E75: meter | I75: =SUM(F75:H75) -> 0 | K75: ='RAB Pasang'!K75*40% -> 18196 | L75: =J75*I75 -> 0 | M75: =K75*I75 -> 0 | N75: =SUM(L75:M75) -> 0 | P75: 220 | Q75: 220 | R75: 135 | S75: 200 | T75: =IF(S75=0,P75*Q75*R75/10^6,P75*Q75*R75/10^6/S75) -> 0.03267
... A80: =A79+1 -> 62 | B80: Pasang Kabel NYY 150 mm² | E80: meter | I80: =SUM(F80:H80) -> 0 | K80: ='RAB Pasang'!K80*40% -> 6656 | L80: =J80*I80 -> 0 | M80: =K80*I80 -> 0 | N80: =SUM(L80:M80) -> 0 | P80: 151 | Q80: 151 | R80: 104 | S80: 1000 | T80: =IF(S80=0,P80*Q80*R80/10^6,P80*Q80*R80/10^6/S80) -> 0.002371304
A81: =A80+1 -> 63 | B81: Pasang Kabel Udara (SKUTR) NFA2X-T 3x35+35mm² | E81: ms | I81: =SUM(F81:H81) -> 0 | K81: ='RAB Pasang'!K81*40% -> 1869.88 | L81: =J81*I81 -> 0 | M81: =K81*I81 -> 0 | N81: =SUM(L81:M81) -> 0 | P81: 151 | Q81: 151 | R81: 104 | S81: 1000 | T81: =IF(S81=0,P81*Q81*R81/10^6,P81*Q81*R81/10^6/S81) -> 0.002371304 | U81: Konversi satuan dan harga dari kms ke ms (KHS dalam kms)
A82: =A81+1 -> 64 | B82: Pasang Kabel Udara (SKUTR) NFA2X-T 3x50+50mm² | E82: ms | I82: =SUM(F82:H82) -> 0 | K82: ='RAB Pasang'!K82*40% -> 2589.064 | L82: =J82*I82 -> 0 | M82: =K82*I82 -> 0 | N82: =SUM(L82:M82) -> 0 | P82: 151 | Q82: 151 | R82: 104 | S82: 1000 | T82: =IF(S82=0,P82*Q82*R82/10^6,P82*Q82*R82/10^6/S82) -> 0.002371304 | U82: Konversi satuan dan harga dari kms ke ms (KHS dalam kms)
A83: =A82+1 -> 65 | B83: Pasang Kabel Udara (SKUTR) NFA2X-T 3x70+70mm² | E83: ms | I83: =SUM(F83:H83) -> 0 | K83: ='RAB Pasang'!K83*40% -> 3365.784 | L83: =J83*I83 -> 0 | M83: =K83*I83 -> 0 | N83: =SUM(L83:M83) -> 0 | P83: 151 | Q83: 151 | R83: 104 | S83: 1000 | T83: =IF(S83=0,P83*Q83*R83/10^6,P83*Q83*R83/10^6/S83) -> 0.002371304 | U83: Konversi satuan dan harga dari kms ke ms (KHS dalam kms)
A84: =A83+1 -> 66 | B84: Pasang Kabel Udara (SKUTR) NFA2X-T 3x95+95mm² | E84: ms | I84: =SUM(F84:H84) -> 0 | K84: ='RAB Pasang'!K84*40% -> 4207.228 | L84: =J84*I84 -> 0 | M84: =K84*I84 -> 0 | N84: =SUM(L84:M84) -> 0 | P84: 151 | Q84: 151 | R84: 104 | S84: 1000 | T84: =IF(S84=0,P84*Q84*R84/10^6,P84*Q84*R84/10^6/S84) -> 0.002371304 | U84: Konversi satuan dan harga dari kms ke ms (KHS dalam kms)
A85: =A84+1 -> 67 | B85: Pasang Kabel Udara SR NFA2X 2x10 mm² | E85: meter | I85: =SUM(F85:H85) -> 0 | K85: ='RAB Pasang'!K85*40% -> 2264 | L85: =J85*I85 -> 0 | M85: =K85*I85 -> 0 | N85: =SUM(L85:M85) -> 0 | P85: 151 | Q85: 151 | R85: 104 | S85: 3000 | T85: =IF(S85=0,P85*Q85*R85/10^6,P85*Q85*R85/10^6/S85) -> 0.00079043467
A86: =A85+1 -> 68 | B86: Pasang Kabel Udara SR NFA2X 2x16 mm² | E86: meter | I86: =SUM(F86:H86) -> 0 | K86: ='RAB Pasang'!K86*40% -> 2604 | L86: =J86*I86 -> 0 | M86: =K86*I86 -> 0 | N86: =SUM(L86:M86) -> 0 | P86: 151 | Q86: 151 | R86: 104 | S86: 2000 | T86: =IF(S86=0,P86*Q86*R86/10^6,P86*Q86*R86/10^6/S86) -> 0.001185652
A87: =A86+1 -> 69 | B87: Pasang Kabel Udara SR NFA2X 4x16 mm² | E87: meter | I87: =SUM(F87:H87) -> 0 | K87: ='RAB Pasang'!K87*40% -> 5204 | L87: =J87*I87 -> 0 | M87: =K87*I87 -> 0 | N87: =SUM(L87:M87) -> 0 | P87: 151 | Q87: 151 | R87: 104 | S87: 1000 | T87: =IF(S87=0,P87*Q87*R87/10^6,P87*Q87*R87/10^6/S87) -> 0.002371304
A88: =A87+1 -> 70 | B88: Gelar dan Tarik Kabel Tanah TR NYFGbY 2x10 mm² | E88: meter | I88: =SUM(F88:H88) -> 0 | K88: ='RAB Pasang'!K88*40% -> 2004 | L88: =J88*I88 -> 0 | M88: =K88*I88 -> 0 | N88: =SUM(L88:M88) -> 0 | P88: 151 | Q88: 151 | R88: 104 | S88: 3000 | T88: =IF(S88=0,P88*Q88*R88/10^6,P88*Q88*R88/10^6/S88) -> 0.00079043467
A89: =A88+1 -> 71 | B89: Gelar dan Tarik Kabel Tanah TR NYFGbY 2x16 mm² | E89: meter | I89: =SUM(F89:H89) -> 0 | K89: ='RAB Pasang'!K89*40% -> 2368 | L89: =J89*I89 -> 0 | M89: =K89*I89 -> 0 | N89: =SUM(L89:M89) -> 0 | P89: 151 | Q89: 151 | R89: 104 | S89: 2000 | T89: =IF(S89=0,P89*Q89*R89/10^6,P89*Q89*R89/10^6/S89) -> 0.001185652
A90: =A89+1 -> 72 | B90: Gelar dan Tarik Kabel Tanah TR NYFGbY 4x70 mm² | E90: meter | I90: =SUM(F90:H90) -> 0 | K90: ='RAB Pasang'!K90*40% -> 7784 | L90: =J90*I90 -> 0 | M90: =K90*I90 -> 0 | N90: =SUM(L90:M90) -> 0 | P90: 151 | Q90: 151 | R90: 104 | S90: 500 | T90: =IF(S90=0,P90*Q90*R90/10^6,P90*Q90*R90/10^6/S90) -> 0.004742608
A91: =A90+1 -> 73 | B91: Gelar dan Tarik Kabel Tanah TR NYFGbY 4x95 mm² | E91: meter | I91: =SUM(F91:H91) -> 0 | K91: ='RAB Pasang'!K91*40% -> 11676 | L91: =J91*I91 -> 0 | M91: =K91*I91 -> 0 | N91: =SUM(L91:M91) -> 0 | P91: 151 | Q91: 151 | R91: 104 | S91: 450 | T91: =IF(S91=0,P91*Q91*R91/10^6,P91*Q91*R91/10^6/S91) -> 0.0052695644
A92: =A91+1 -> 74 | B92: Gelar dan Tarik Kabel Tanah TR NYFGbY 4x120 mm² | E92: meter | I92: =SUM(F92:H92) -> 0 | K92: ='RAB Pasang'!K92*40% -> 15568 | L92: =J92*I92 -> 0 | M92: =K92*I92 -> 0 | N92: =SUM(L92:M92) -> 0 | P92: 151 | Q92: 151 | R92: 104 | S92: 400 | T92: =IF(S92=0,P92*Q92*R92/10^6,P92*Q92*R92/10^6/S92) -> 0.00592826
A93: =A92+1 -> 75 | B93: Pemasangan LBS Manual | E93: set | I93: =SUM(F93:H93) -> 0 | K93: ='RAB Pasang'!K93*40% -> 1563252 | L93: =J93*I93 -> 0 | M93: =K93*I93 -> 0 | N93: =SUM(L93:M93) -> 0 | P93: 120 | Q93: 115 | R93: 76 | S93: 0 | T93: =IF(S93=0,P93*Q93*R93/10^6,P93*Q93*R93/10^6/S93) -> 1.0488
A94: =A93+1 -> 76 | B94: Pemasangan LBS Motorised | E94: set | I94: =SUM(F94:H94) -> 0 | K94: ='RAB Pasang'!K94*40% -> 1563252 | L94: =J94*I94 -> 0 | M94: =K94*I94 -> 0 | N94: =SUM(L94:M94) -> 0 | P94: 120 | Q94: 115 | R94: 75.5 | S94: 0 | T94: =IF(S94=0,P94*Q94*R94/10^6,P94*Q94*R94/10^6/S94) -> 1.0419
A95: =A94+1 -> 77 | B95: Pemasangan LBS 3Ways | E95: set | I95: =SUM(F95:H95) -> 0 | K95: ='RAB Pasang'!K95*40% -> 1694692 | L95: =J95*I95 -> 0 | M95: =K95*I95 -> 0 | N95: =SUM(L95:M95) -> 0 | P95: 120 | Q95: 115 | R95: 75.5 | S95: 0 | T95: =IF(S95=0,P95*Q95*R95/10^6,P95*Q95*R95/10^6/S95) -> 1.0419
A96: =A95+1 -> 78 | B96: Pemasangan Recloser | E96: set | I96: =SUM(F96:H96) -> 0 | K96: ='RAB Pasang'!K96*40% -> 1826132 | L96: =J96*I96 -> 0 | M96: =K96*I96 -> 0 | N96: =SUM(L96:M96) -> 0 | P96: 120 | Q96: 115 | R96: 75.5 | S96: 0 | T96: =IF(S96=0,P96*Q96*R96/10^6,P96*Q96*R96/10^6/S96) -> 1.0419
A97: =A96+1 -> 79 | B97: Pemasangan PMCB | E97: set | I97: =SUM(F97:H97) -> 0 | K97: ='RAB Pasang'!K97*40% -> 1957572 | L97: =J97*I97 -> 0 | M97: =K97*I97 -> 0 | N97: =SUM(L97:M97) -> 0 | P97: 122 | Q97: 128 | R97: 160 | S97: 0 | T97: =IF(S97=0,P97*Q97*R97/10^6,P97*Q97*R97/10^6/S97) -> 2.49856
A98: =A97+1 -> 80 | B98: Pemasangan Disconnecting Switch (DS) Pole Mounted | E98: set | I98: =SUM(F98:H98) -> 0 | K98: ='RAB Pasang'!K98*40% -> 1179252 | L98: =J98*I98 -> 0 | M98: =K98*I98 -> 0 | N98: =SUM(L98:M98) -> 0 | P98: 50 | Q98: 37 | R98: 14.5 | S98: 0 | T98: =IF(S98=0,P98*Q98*R98/10^6,P98*Q98*R98/10^6/S98)*3 -> 0.080475 | U98: 1 set isi 3
A99: =A98+1 -> 81 | B99: Pemasangan Kubikel CB 630 A - Non Isolated | E99: set | I99: =SUM(F99:H99) -> 0 | K99: ='RAB Pasang'!K99*40% -> 3301988 | L99: =J99*I99 -> 0 | M99: =K99*I99 -> 0 | N99: =SUM(L99:M99) -> 0 | P99: 95 | Q99: 75 | R99: 190 | S99: 0 | T99: =IF(S99=0,P99*Q99*R99/10^6,P99*Q99*R99/10^6/S99) -> 1.35375
A100: =A99+1 -> 82 | B100: Pemasangan Kubikel DS 630 A - Non Isolated | E100: set | I100: =SUM(F100:H100) -> 0 | K100: ='RAB Pasang'!K100*40% -> 3301988 | L100: =J100*I100 -> 0 | M100: =K100*I100 -> 0 | N100: =SUM(L100:M100) -> 0 | P100: 95 | Q100: 75 | R100: 190 | S100: 0 | T100: =IF(S100=0,P100*Q100*R100/10^6,P100*Q100*R100/10^6/S100) -> 1.35375
A101: =A100+1 -> 83 | B101: Pemasangan Kubikel Metering 630 A - Non Isolated | E101: set | I101: =SUM(F101:H101) -> 0 | K101: ='RAB Pasang'!K101*40% -> 3301988 | L101: =J101*I101 -> 0 | M101: =K101*I101 -> 0 | N101: =SUM(L101:M101) -> 0 | P101: 95 | Q101: 60 | R101: 190 | S101: 0 | T101: =IF(S101=0,P101*Q101*R101/10^6,P101*Q101*R101/10^6/S101) -> 1.083
A102: =A101+1 -> 84 | B102: Pemasangan Kubikel CB 1250 A - Non Isolated | E102: set | I102: =SUM(F102:H102) -> 0 | K102: ='RAB Pasang'!K102*40% -> 3301988 | L102: =J102*I102 -> 0 | M102: =K102*I102 -> 0 | N102: =SUM(L102:M102) -> 0 | P102: 100 | Q102: 100 | R102: 190 | S102: 0 | T102: =IF(S102=0,P102*Q102*R102/10^6,P102*Q102*R102/10^6/S102) -> 1.9
A103: =A102+1 -> 85 | B103: Pemasangan Kubikel DS 1250 A - Non Isolated | E103: set | I103: =SUM(F103:H103) -> 0 | K103: ='RAB Pasang'!K103*40% -> 3301988 | L103: =J103*I103 -> 0 | M103: =K103*I103 -> 0 | N103: =SUM(L103:M103) -> 0 | P103: 100 | Q103: 100 | R103: 190 | S103: 0 | T103: =IF(S103=0,P103*Q103*R103/10^6,P103*Q103*R103/10^6/S103) -> 1.9
A104: =A103+1 -> 86 | B104: Pemasangan Kubikel Metering 1250 A - Non Isolated | E104: set | I104: =SUM(F104:H104) -> 0 | K104: ='RAB Pasang'!K104*40% -> 3301988 | L104: =J104*I104 -> 0 | M104: =K104*I104 -> 0 | N104: =SUM(L104:M104) -> 0 | P104: 100 | Q104: 100 | R104: 190 | S104: 0 | T104: =IF(S104=0,P104*Q104*R104/10^6,P104*Q104*R104/10^6/S104) -> 1.9
A105: =A104+1 -> 87 | B105: Pemasangan Kubikel CB 630 A - Isolated | E105: set | I105: =SUM(F105:H105) -> 0 | K105: ='RAB Pasang'!K105*40% -> 3301988 | L105: =J105*I105 -> 0 | M105: =K105*I105 -> 0 | N105: =SUM(L105:M105) -> 0 | P105: 90 | Q105: 50 | R105: 165 | S105: 0 | T105: =IF(S105=0,P105*Q105*R105/10^6,P105*Q105*R105/10^6/S105) -> 0.7425
A106: =A105+1 -> 88 | B106: Pemasangan Kubikel DS 630 A - Isolated | E106: set | I106: =SUM(F106:H106) -> 0 | K106: ='RAB Pasang'!K106*40% -> 3301988 | L106: =J106*I106 -> 0 | M106: =K106*I106 -> 0 | N106: =SUM(L106:M106) -> 0 | P106: 90 | Q106: 50 | R106: 165 | S106: 0 | T106: =IF(S106=0,P106*Q106*R106/10^6,P106*Q106*R106/10^6/S106) -> 0.7425
A107: =A106+1 -> 89 | B107: Pemasangan Kubikel Metering 630 A - Isolated | E107: set | I107: =SUM(F107:H107) -> 0 | K107: ='RAB Pasang'!K107*40% -> 3301988 | L107: =J107*I107 -> 0 | M107: =K107*I107 -> 0 | N107: =SUM(L107:M107) -> 0 | P107: 90 | Q107: 50 | R107: 165 | S107: 0 | T107: =IF(S107=0,P107*Q107*R107/10^6,P107*Q107*R107/10^6/S107) -> 0.7425
A108: =A107+1 -> 90 | B108: Pemasangan Kubikel CB 1250 A - Isolated | E108: set | I108: =SUM(F108:H108) -> 0 | K108: ='RAB Pasang'!K108*40% -> 3301988 | L108: =J108*I108 -> 0 | M108: =K108*I108 -> 0 | N108: =SUM(L108:M108) -> 0 | P108: 95 | Q108: 75 | R108: 180 | S108: 0 | T108: =IF(S108=0,P108*Q108*R108/10^6,P108*Q108*R108/10^6/S108) -> 1.2825
A109: =A108+1 -> 91 | B109: Pemasangan Kubikel DS 1250 A - Isolated | E109: set | I109: =SUM(F109:H109) -> 0 | K109: ='RAB Pasang'!K109*40% -> 3301988 | L109: =J109*I109 -> 0 | M109: =K109*I109 -> 0 | N109: =SUM(L109:M109) -> 0 | P109: 95 | Q109: 75 | R109: 180 | S109: 0 | T109: =IF(S109=0,P109*Q109*R109/10^6,P109*Q109*R109/10^6/S109) -> 1.2825
A110: =A109+1 -> 92 | B110: Pemasangan Kubikel Metering 1250 A - Isolated | E110: set | I110: =SUM(F110:H110) -> 0 | K110: ='RAB Pasang'!K110*40% -> 3301988 | L110: =J110*I110 -> 0 | M110: =K110*I110 -> 0 | N110: =SUM(L110:M110) -> 0 | P110: 95 | Q110: 75 | R110: 180 | S110: 0 | T110: =IF(S110=0,P110*Q110*R110/10^6,P110*Q110*R110/10^6/S110) -> 1.2825
... A123: =A122+1 -> 105 | B123: Pemasangan Papan Hubung Bagi SKTR (PHB SKTR) | E123: set | I123: =SUM(F123:H123) -> 0 | K123: ='RAB Pasang'!K123*40% -> 652012 | L123: =J123*I123 -> 0 | M123: =K123*I123 -> 0 | N123: =SUM(L123:M123) -> 0 | P123: 100 | Q123: 40 | R123: 120 | S123: 0 | T123: =IF(S123=0,P123*Q123*R123/10^6,P123*Q123*R123/10^6/S123) -> 0.48
A124: =A123+1 -> 106 | B124: Pemasangan Supersun & Kelengkapannya | E124: set | I124: =SUM(F124:H124) -> 0 | K124: ='RAB Pasang'!K124*40% -> 873044 | L124: =J124*I124 -> 0 | M124: =K124*I124 -> 0 | N124: =SUM(L124:M124) -> 0 | P124: 230 | Q124: 113 | R124: 3.5 | S124: 0 | T124: =IF(S124=0,P124*Q124*R124/10^6,P124*Q124*R124/10^6/S124) -> 0.090965 | U124: 1 Panel 550Wp
B125: JUMLAH MATERIAL UTAMA (A) | L125: =SUM(L19:L124) -> 0 | M125: =SUM(M19:M124) -> 0 | N125: =SUM(N19:N124) -> 0
A127: B | B127: MATERIAL NON UTAMA
A128: 1 | B128: Fuselink 2 A - 20 A | E128: buah | I128: =SUM(F128:H128) -> 0 | K128: ='RAB Pasang'!K128*40% -> 5476 | L128: =J128*I128 -> 0 | M128: =K128*I128 -> 0 | N128: =SUM(L128:M128) -> 0
A129: =A128+1 -> 2 | B129: Pengikat Konduktor / Top Ties Semi Konduktor 70 mm² | E129: buah | I129: =SUM(F129:H129) -> 0 | K129: ='RAB Pasang'!K129*40% -> 11684 | L129: =J129*I129 -> 0 | M129: =K129*I129 -> 0 | N129: =SUM(L129:M129) -> 0
A130: =A129+1 -> 3 | B130: Pengikat Konduktor / Side Ties Semi Konduktor 70 mm² | E130: buah | I130: =SUM(F130:H130) -> 0 | K130: ='RAB Pasang'!K130*40% -> 11684 | L130: =J130*I130 -> 0 | M130: =K130*I130 -> 0 | N130: =SUM(L130:M130) -> 0
A131: =A130+1 -> 4 | B131: Pengikat Konduktor / Top Ties Semi Konduktor 150 mm² | E131: buah | I131: =SUM(F131:H131) -> 0 | K131: ='RAB Pasang'!K131*40% -> 11684 | L131: =J131*I131 -> 0 | M131: =K131*I131 -> 0 | N131: =SUM(L131:M131) -> 0
A132: =A131+1 -> 5 | B132: Pengikat Konduktor / Side Ties Semi Konduktor 150 mm² | E132: buah | I132: =SUM(F132:H132) -> 0 | K132: ='RAB Pasang'!K132*40% -> 11684 | L132: =J132*I132 -> 0 | M132: =K132*I132 -> 0 | N132: =SUM(L132:M132) -> 0
A133: =A132+1 -> 6 | B133: Pengikat Konduktor / Top Ties Semi Konduktor 240 mm² | E133: buah | I133: =SUM(F133:H133) -> 0 | K133: ='RAB Pasang'!K133*40% -> 11684 | L133: =J133*I133 -> 0 | M133: =K133*I133 -> 0 | N133: =SUM(L133:M133) -> 0
...

Sheet D1 Tiang
A1: ANALISA HARGA SATUAN MATERIAL KONSTRUKSI
A2: STAY EQUIPMENT (SKUR)
J3: ROK | K3: 0.15
A4: No | B4: Uraian | H4: Satuan | I4: Volume | J4: Harga (Rp)
J5: Dasar | K5: Harga Satuan
A7: 1 | B7: 1 Set | D7: Perlengkapan Drukschoor Tiang Beton 9 mtr / 200 daN
B8: 1) | C8: Pole band galv. 1/2, Ø 6,5" (pemegang UNP) | H8: buah | I8: 1 | J8: ='Harga Satuan Dasar mat'!G22 -> 95500 | K8: =I8*J8 -> 95500
B9: 2) | C9: Single Fixing Collar / GW Band 2/2 ; Ø 7" (atas tiang penumpu) | H9: buah | I9: 1 | J9: ='Harga Satuan Dasar mat'!G75 -> 164250 | K9: =I9*J9 -> 164250
B10: 3) | C10: Single Fixing Collar / GW Band 2/2 ; Ø 6,5" (atas tiang topang) | H10: buah | I10: 1 | J10: ='Harga Satuan Dasar mat'!G74 -> 156000 | K10: =I10*J10 -> 156000
B11: 4) | C11: Single Fixing Collar / GW Band 2/2 ; Ø 9" (tengah tiang lurus) | H11: buah | I11: 1 | J11: ='Harga Satuan Dasar mat'!G79 -> 196500 | K11: =I11*J11 -> 196500
B12: 5) | C12: Single Fixing Collar / GW Band 2/2 ; Ø 8,5" (tengah tiang topang) | H12: buah | I12: 1 | J12: ='Harga Satuan Dasar mat'!G78 -> 189500 | K12: =I12*J12 -> 189500
B13: 6) | C13: Pipa Galvanise Diameter 2" Panjang 1500mm (untuk JTR) | H13: batang | I13: 1 | J13: ='Harga Satuan Dasar mat'!G301 -> 253000 | K13: =I13*J13 -> 253000
B14: 7) | C14: Besi UNP 100 (100mm x 50mm x 5mm) Panjang 200mm HDG | H14: batang | I14: 1 | J14: ='Harga Satuan Dasar mat'!G159 -> 95000 | K14: =I14*J14 -> 95000
B15: 8) | C15: Bolt & nut 5/8 x 50 + ring + 2 mur (galvanis) - M16 | H15: buah | I15: 13 | J15: ='Harga Satuan Dasar mat'!G252 -> 14000 | K15: =I15*J15 -> 182000
H16: Jumlah | K16: =SUM(K8:K15) -> 1331750
H17: ROK | I17: =$K$3 -> 0.15 | K17: =I17*K16 -> 199762.5
H18: Total | K18: =SUM(K16:K17) -> 1531512.5
H19: Pembulatan | K19: =ROUND(K18,-1) -> 1531510
A20: 2 | B20: 1 Set | D20: Perlengkapan Drukschoor Tiang Beton 12 mtr / 200 daN & Tiang Beton 12 mtr / 350 daN
B21: 1) | C21: Pole band galv. 1/2, Ø 8" (pemegang UNP) | H21: buah | I21: 1 | J21: ='Harga Satuan Dasar mat'!G25 -> 110000 | K21: =I21*J21 -> 110000
B22: 2) | C22: Single Fixing Collar / GW Band 2/2 ; Ø 8,5" (atas tiang penumpu) | H22: buah | I22: 1 | J22: =J12 -> 189500 | K22: =I22*J22 -> 189500
B23: 3) | C23: Single Fixing Collar / GW Band 2/2 ; Ø 8" (atas tiang topang) | H23: buah | I23: 1 | J23: ='Harga Satuan Dasar mat'!G77 -> 181000 | K23: =I23*J23 -> 181000
B24: 4) | C24: Single Fixing Collar / GW Band 2/2 ; Ø 11,5" (tengah tiang lurus) | H24: buah | I24: 1 | J24: ='Harga Satuan Dasar mat'!G84 -> 239000 | K24: =I24*J24 -> 239000
B25: 5) | C25: Single Fixing Collar / GW Band 2/2 ; Ø 11" (tengah tiang topang) | H25: buah | I25: 1 | J25: ='Harga Satuan Dasar mat'!G83 -> 231500 | K25: =I25*J25 -> 231500
B26: 6) | C26: Pipa Galvanise Diameter 3" Panjang 2000mm | H26: batang | I26: 1 | J26: ='Harga Satuan Dasar mat'!G322 -> 454000 | K26: =I26*J26 -> 454000
B27: 7) | C27: Besi UNP 100 (100mm x 50mm x 5mm) Panjang 200mm HDG | H27: batang | I27: 1 | J27: =J14 -> 95000 | K27: =I27*J27 -> 95000
B28: 8) | C28: Bolt & nut 5/8 x 50 + ring + 2 mur (galvanis) - M16 | H28: buah | I28: 13 | J28: =J15 -> 14000 | K28: =I28*J28 -> 182000
H29: Jumlah | K29: =SUM(K21:K28) -> 1682000
H30: ROK | I30: =$K$3 -> 0.15 | K30: =I30*K29 -> 252300
H31: Total | K31: =SUM(K29:K30) -> 1934300
H32: Pembulatan | K32: =ROUND(K31,-1) -> 1934300
A33: 3 | B33: 1 Set | D33: Perlengkapan Drukschoor Tiang Beton 13 mtr / 350 daN & Tiang Beton 14 mtr / 350 daN
B34: 1) | C34: Pole band galv. 1/2, Ø 8" (pemegang UNP) | H34: buah | I34: 1 | J34: =J21 -> 110000 | K34: =I34*J34 -> 110000
B35: 2) | C35: Single Fixing Collar / GW Band 2/2 ; Ø 8,5" (atas tiang penumpu) | H35: buah | I35: 1 | J35: =J22 -> 189500 | K35: =I35*J35 -> 189500
B36: 3) | C36: Single Fixing Collar / GW Band 2/2 ; Ø 8" (atas tiang topang) | H36: buah | I36: 1 | J36: =J23 -> 181000 | K36: =I36*J36 -> 181000
B37: 4) | C37: Single Fixing Collar / GW Band 2/2 ; Ø 11,5" (tengah tiang lurus) | H37: buah | I37: 1 | J37: =J24 -> 239000 | K37: =I37*J37 -> 239000
B38: 5) | C38: Single Fixing Collar / GW Band 2/2 ; Ø 11" (tengah tiang topang) | H38: buah | I38: 1 | J38: =J25 -> 231500 | K38: =I38*J38 -> 231500
B39: 6) | C39: Pipa Galvanise Diameter 3" Panjang 2000mm | H39: batang | I39: 1 | J39: =J26 -> 454000 | K39: =I39*J39 -> 454000
B40: 7) | C40: Besi UNP 100 (100mm x 50mm x 5mm) Panjang 200mm HDG | H40: batang | I40: 1 | J40: =J27 -> 95000 | K40: =I40*J40 -> 95000
B41: 8) | C41: Bolt & nut 5/8 x 50 + ring + 2 mur (galvanis) - M16 | H41: buah | I41: 13 | J41: =J28 -> 14000 | K41: =I41*J41 -> 182000
H42: Jumlah | K42: =SUM(K34:K41) -> 1682000
H43: ROK | I43: =$K$3 -> 0.15 | K43: =I43*K42 -> 252300
H44: Total | K44: =SUM(K42:K43) -> 1934300
H45: Pembulatan | K45: =ROUND(K44,-1) -> 1934300
A46: 4 | B46: 1 Set | D46: Perlengkapan Drukschoor Tiang Baja 7 mtr / 100 daN & Tiang Baja 9 mtr / 100 daN
B47: 1) | C47: Pole band galv. 1/2, Ø 3,5" (pemegang UNP) | H47: buah | I47: 1 | J47: ='Harga Satuan Dasar mat'!G16 -> 65250 | K47: =I47*J47 -> 65250
B48: 2) | C48: Single Fixing Collar / GW Band 2/2 ; Ø 3,5" (atas tiang penumpu) | H48: buah | I48: 1 | J48: ='Harga Satuan Dasar mat'!G68 -> 104750 | K48: =I48*J48 -> 104750
B49: 3) | C49: Single Fixing Collar / GW Band 2/2 ; Ø 3,5" (atas tiang topang) | H49: buah | I49: 1 | J49: =J48 -> 104750 | K49: =I49*J49 -> 104750
B50: 4) | C50: Single Fixing Collar / GW Band 2/2 ; Ø 5,5" (bawah tiang lurus) | H50: buah | I50: 1 | J50: ='Harga Satuan Dasar mat'!G72 -> 138500 | K50: =I50*J50 -> 138500
B51: 5) | C51: Single Fixing Collar / GW Band 2/2 ; Ø 4,5" (tengah tiang topang) | H51: buah | I51: 1 | J51: ='Harga Satuan Dasar mat'!G70 -> 121500 | K51: =I51*J51 -> 121500
B52: 6) | C52: Pipa Galvanise Diameter 2" Panjang 1500mm | H52: batang | I52: 1 | J52: ='Harga Satuan Dasar mat'!G301 -> 253000 | K52: =I52*J52 -> 253000
B53: 7) | C53: Besi UNP 100 (100mm x 50mm x 5mm) Panjang 200mm HDG | H53: batang | I53: 1 | J53: =J40 -> 95000 | K53: =I53*J53 -> 95000
B54: 8) | C54: Bolt & nut 5/8 x 50 + ring + 2 mur (galvanis) - M16 | H54: buah | I54: 13 | J54: =J41 -> 14000 | K54: =I54*J54 -> 182000
H55: Jumlah | K55: =SUM(K47:K54) -> 1064750
H56: ROK | I56: =$K$3 -> 0.15 | K56: =I56*K55 -> 159712.5
H57: Total | K57: =SUM(K55:K56) -> 1224462.5
H58: Pembulatan | K58: =ROUND(K57,-1) -> 1224460
A59: 5 | B59: 1 Set | D59: Perlengkapan Drukschoor Tiang Baja 9 mtr / 200 daN
B60: 1) | C60: Pole band galv. 1/2, Ø 4,5" (pemegang UNP) | H60: buah | I60: 1 | J60: ='Harga Satuan Dasar mat'!G18 -> 75000 | K60: =I60*J60 -> 75000
B61: 2) | C61: Single Fixing Collar / GW Band 2/2 ; Ø 4,5" (atas tiang penumpu) | H61: buah | I61: 1 | J61: ='Harga Satuan Dasar mat'!G70 -> 121500 | K61: =I61*J61 -> 121500
B62: 3) | C62: Single Fixing Collar / GW Band 2/2 ; Ø 4,5" (atas tiang topang) | H62: buah | I62: 1 | J62: =J61 -> 121500 | K62: =I62*J62 -> 121500
B63: 4) | C63: Single Fixing Collar / GW Band 2/2 ; Ø 7,5" (bawah tiang lurus) | H63: buah | I63: 1 | J63: ='Harga Satuan Dasar mat'!G76 -> 173000 | K63: =I63*J63 -> 173000
B64: 5) | C64: Single Fixing Collar / GW Band 2/2 ; Ø 5,5" (tengah tiang topang) | H64: buah | I64: 1 | J64: ='Harga Satuan Dasar mat'!G72 -> 138500 | K64: =I64*J64 -> 138500
B65: 6) | C65: Pipa Galvanise Diameter 2" Panjang 1500mm | H65: batang | I65: 1 | J65: =J52 -> 253000 | K65: =I65*J65 -> 253000
B66: 7) | C66: Besi UNP 100 (100mm x 50mm x 5mm) Panjang 200mm HDG | H66: batang | I66: 1 | J66: =J53 -> 95000 | K66: =I66*J66 -> 95000
B67: 8) | C67: Bolt & nut 5/8 x 50 + ring + 2 mur (galvanis) - M16 | H67: buah | I67: 13 | J67: =J54 -> 14000 | K67: =I67*J67 -> 182000
H68: Jumlah | K68: =SUM(K60:K67) -> 1159500
H69: ROK | I69: =$K$3 -> 0.15 | K69: =I69*K68 -> 173925
H70: Total | K70: =SUM(K68:K69) -> 1333425
H71: Pembulatan | K71: =ROUND(K70,-1) -> 1333430
A72: 6 | B72: 1 Set | D72: Perlengkapan Drukschoor Tiang Baja 11 mtr / 200 daN
B73: 1) | C73: Pole band galv. 1/2, Ø 4,5" (pemegang UNP) | H73: buah | I73: 1 | J73: =J60 -> 75000 | K73: =I73*J73 -> 75000
B74: 2) | C74: Single Fixing Collar / GW Band 2/2 ; Ø 4,5" (atas tiang penumpu) | H74: buah | I74: 1 | J74: =J61 -> 121500 | K74: =I74*J74 -> 121500
B75: 3) | C75: Single Fixing Collar / GW Band 2/2 ; Ø 4,5" (atas tiang topang) | H75: buah | I75: 1 | J75: =J62 -> 121500 | K75: =I75*J75 -> 121500
B76: 4) | C76: Single Fixing Collar / GW Band 2/2 ; Ø 7,5" (bawah tiang lurus) | H76: buah | I76: 1 | J76: =J63 -> 173000 | K76: =I76*J76 -> 173000
B77: 5) | C77: Single Fixing Collar / GW Band 2/2 ; Ø 6,5" (tengah tiang topang) | H77: buah | I77: 1 | J77: ='Harga Satuan Dasar mat'!G74 -> 156000 | K77: =I77*J77 -> 156000
B78: 6) | C78: Pipa Galvanise Diameter 2" Panjang 1500mm | H78: batang | I78: 1 | J78: =J65 -> 253000 | K78: =I78*J78 -> 253000
B79: 7) | C79: Besi UNP 100 (100mm x 50mm x 5mm) Panjang 200mm HDG | H79: batang | I79: 1 | J79: =J66 -> 95000 | K79: =I79*J79 -> 95000
B80: 8) | C80: Bolt & nut 5/8 x 50 + ring + 2 mur (galvanis) - M16 | H80: buah | I80: 13 | J80: =J67 -> 14000 | K80: =I80*J80 -> 182000
H81: Jumlah | K81: =SUM(K73:K80) -> 1177000
H82: ROK | I82: =$K$3 -> 0.15 | K82: =I82*K81 -> 176550
H83: Total | K83: =SUM(K81:K82) -> 1353550
H84: Pembulatan | K84: =ROUND(K83,-1) -> 1353550
A85: 7 | B85: 1 Set | D85: Perlengkapan Drukschoor Tiang Baja 12 mtr / 200 daN
B86: 1) | C86: Pole band galv. 1/2, Ø 5,5" (pemegang UNP) | H86: buah | I86: 1 | J86: ='Harga Satuan Dasar mat'!G20 -> 85000 | K86: =I86*J86 -> 85000
B87: 2) | C87: Single Fixing Collar / GW Band 2/2 ; Ø 5,5" (atas tiang penumpu) | H87: buah | I87: 1 | J87: ='Harga Satuan Dasar mat'!G72 -> 138500 | K87: =I87*J87 -> 138500
B88: 3) | C88: Single Fixing Collar / GW Band 2/2 ; Ø 5,5" (atas tiang topang) | H88: buah | I88: 1 | J88: =J87 -> 138500 | K88: =I88*J88 -> 138500
B89: 4) | C89: Single Fixing Collar / GW Band 2/2 ; Ø 8,5" (bawah tiang lurus) | H89: buah | I89: 1 | J89: ='Harga Satuan Dasar mat'!G78 -> 189500 | K89: =I89*J89 -> 189500
B90: 5) | C90: Single Fixing Collar / GW Band 2/2 ; Ø 7,5" (tengah tiang topang) | H90: buah | I90: 1 | J90: ='Harga Satuan Dasar mat'!G76 -> 173000 | K90: =I90*J90 -> 173000
B91: 6) | C91: Pipa Galvanise Diameter 3" Panjang 2000mm | H91: batang | I91: 1 | J91: =J26 -> 454000 | K91: =I91*J91 -> 454000
B92: 7) | C92: Besi UNP 100 (100mm x 50mm x 5mm) Panjang 200mm HDG | H92: batang | I92: 1 | J92: =J79 -> 95000 | K92: =I92*J92 -> 95000
B93: 8) | C93: Bolt & nut 5/8 x 50 + ring + 2 mur (galvanis) - M16 | H93: buah | I93: 13 | J93: =J80 -> 14000 | K93: =I93*J93 -> 182000
H94: Jumlah | K94: =SUM(K86:K93) -> 1455500
H95: ROK | I95: =$K$3 -> 0.15 | K95: =I95*K94 -> 218325
H96: Total | K96: =SUM(K94:K95) -> 1673825
H97: Pembulatan | K97: =ROUND(K96,-1) -> 1673830
A98: 8 | B98: 1 Set | D98: Perlengkapan Drukschoor Tiang Baja 12 mtr / 350 daN & Tiang Baja 13 mtr / 350 daN
B99: 1) | C99: Pole band galv. 1/2, Ø 6,5" (pemegang UNP) | H99: buah | I99: 1 | J99: ='Harga Satuan Dasar mat'!G22 -> 95500 | K99: =I99*J99 -> 95500
B100: 2) | C100: Single Fixing Collar / GW Band 2/2 ; Ø 6,5" (atas tiang penumpu) | H100: buah | I100: 1 | J100: ='Harga Satuan Dasar mat'!G74 -> 156000 | K100: =I100*J100 -> 156000
B101: 3) | C101: Single Fixing Collar / GW Band 2/2 ; Ø 6,5" (atas tiang topang) | H101: buah | I101: 1 | J101: =J100 -> 156000 | K101: =I101*J101 -> 156000
...

Sheet D2 SUTM
A1: ANALISA HARGA SATUAN MATERIAL KONSTRUKSI
A2: SALURAN UDARA TEGANGAN MENENGAH (SUTM)
J3: ROK | K3: 0.15
A4: No | B4: Uraian | H4: Satuan | I4: Volume | J4: Harga (Rp)
J5: Dasar | K5: Harga Satuan
A7: 1 | B7: 1 Set | D7: Cross Arm Type A1 UNP 100 Balance - Tiang Beton 14/350, 13/350, 12/350 & 12/200
B8: 1) | C8: Besi UNP 100 (100mm x 50mm x 5mm) Panjang 2000mm HDG | H8: batang | I8: 1 | J8: ='Harga Satuan Dasar mat'!G147 -> 800000 | K8: =I8*J8 -> 800000
B9: 2) | C9: Pole band 1/2 (Clamp Begel U) Ø 7,5" HDG | H9: buah | I9: 1 | J9: ='Harga Satuan Dasar mat'!G24 -> 105500 | K9: =I9*J9 -> 105500
B10: 3) | C10: Single Fixing Collar / GW Band 2/2 ; Ø 8" HDG | H10: buah | I10: 1 | J10: ='Harga Satuan Dasar mat'!G77 -> 181000 | K10: =I10*J10 -> 181000
B11: 4) | C11: Arm tie galvanise (Besi Siku/Besi L 50mm x 50mm x 5mm) Panjang 1270 mm | H11: batang | I11: 1 | J11: ='Harga Satuan Dasar mat'!G203 -> 283250 | K11: =I11*J11 -> 283250
B12: 5) | C12: Steel Plate type II (6 mm x 100 mm x 120 mm) | H12: buah | I12: 2 | J12: ='Harga Satuan Dasar mat'!G416 -> 33500 | K12: =I12*J12 -> 67000
B13: 6) | C13: Bolt & nut 5/8 x 50 + ring + 2 mur (galvanis) - M16 | H13: buah | I13: 5 | J13: ='Harga Satuan Dasar mat'!G252 -> 14000 | K13: =I13*J13 -> 70000
B14: 7) | C14: Bolt & nut 5/8 x 140 + ring + 2 mur (galvanis) - M16 | H14: buah | I14: 2 | J14: ='Harga Satuan Dasar mat'!G248 -> 27000 | K14: =I14*J14 -> 54000
H15: Jumlah | K15: =SUM(K8:K14) -> 1560750
H16: ROK | I16: =$K$3 -> 0.15 | K16: =I16*K15 -> 234112.5
H17: Total | K17: =SUM(K15:K16) -> 1794862.5
H18: Pembulatan | K18: =ROUND(K17,-1) -> 1794860
A19: 2 | B19: 1 Set | D19: Cross Arm Type A1 UNP 100 Balance - Tiang Baja 14/350
B20: 1) | C20: Besi UNP 100 (100mm x 50mm x 5mm) Panjang 2000mm HDG | H20: batang | I20: 1 | J20: =J8 -> 800000 | K20: =I20*J20 -> 800000
B21: 2) | C21: Pole band 1/2 (Clamp Begel U) Ø 8,5" HDG | H21: buah | I21: 1 | J21: ='Harga Satuan Dasar mat'!G26 -> 115000 | K21: =I21*J21 -> 115000
B22: 3) | C22: Single Fixing Collar / GW Band 2/2 ; Ø 8,5" HDG | H22: buah | I22: 1 | J22: ='Harga Satuan Dasar mat'!G78 -> 189500 | K22: =I22*J22 -> 189500
B23: 4) | C23: Arm tie galvanise (Besi Siku/Besi L 50mm x 50mm x 5mm) Panjang 1270 mm | H23: batang | I23: 1 | J23: =J11 -> 283250 | K23: =I23*J23 -> 283250
B24: 5) | C24: Steel Plate type II (6 mm x 100 mm x 120 mm) | H24: buah | I24: 2 | J24: =J12 -> 33500 | K24: =I24*J24 -> 67000
B25: 6) | C25: Bolt & nut 5/8 x 50 + ring + 2 mur (galvanis) - M16 | H25: buah | I25: 5 | J25: =J13 -> 14000 | K25: =I25*J25 -> 70000
B26: 7) | C26: Bolt & nut 5/8 x 140 + ring + 2 mur (galvanis) - M16 | H26: buah | I26: 2 | J26: =J14 -> 27000 | K26: =I26*J26 -> 54000
H27: Jumlah | K27: =SUM(K20:K26) -> 1578750
H28: ROK | I28: =$K$3 -> 0.15 | K28: =I28*K27 -> 236812.5
H29: Total | K29: =SUM(K27:K28) -> 1815562.5
H30: Pembulatan | K30: =ROUND(K29,-1) -> 1815560
A31: 3 | B31: 1 Set | D31: Cross Arm Type A1 UNP 100 Balance - Tiang Baja 13/350 & Tiang Baja 12/350
B32: 1) | C32: Besi UNP 100 (100mm x 50mm x 5mm) Panjang 2000mm HDG | H32: batang | I32: 1 | J32: =J20 -> 800000 | K32: =I32*J32 -> 800000
B33: 2) | C33: Pole band 1/2 (Clamp Begel U) Ø 6,5" HDG | H33: buah | I33: 1 | J33: ='Harga Satuan Dasar mat'!G22 -> 95500 | K33: =I33*J33 -> 95500
B34: 3) | C34: Single Fixing Collar / GW Band 2/2 ; Ø 6,5" HDG | H34: buah | I34: 1 | J34: ='Harga Satuan Dasar mat'!G74 -> 156000 | K34: =I34*J34 -> 156000
B35: 4) | C35: Arm tie galvanise (Besi Siku/Besi L 50mm x 50mm x 5mm) Panjang 1270 mm | H35: batang | I35: 1 | J35: =J23 -> 283250 | K35: =I35*J35 -> 283250
B36: 5) | C36: Steel Plate type II (6 mm x 100 mm x 120 mm) | H36: buah | I36: 2 | J36: =J24 -> 33500 | K36: =I36*J36 -> 67000
B37: 6) | C37: Bolt & nut 5/8 x 50 + ring + 2 mur (galvanis) - M16 | H37: buah | I37: 5 | J37: =J25 -> 14000 | K37: =I37*J37 -> 70000
B38: 7) | C38: Bolt & nut 5/8 x 140 + ring + 2 mur (galvanis) - M16 | H38: buah | I38: 2 | J38: =J26 -> 27000 | K38: =I38*J38 -> 54000
H39: Jumlah | K39: =SUM(K32:K38) -> 1525750
H40: ROK | I40: =$K$3 -> 0.15 | K40: =I40*K39 -> 228862.5
H41: Total | K41: =SUM(K39:K40) -> 1754612.5
H42: Pembulatan | K42: =ROUND(K41,-1) -> 1754610
A43: 4 | B43: 1 Set | D43: Cross Arm Type A1 UNP 100 Balance - Tiang Baja 12/200
B44: 1) | C44: Besi UNP 100 (100mm x 50mm x 5mm) Panjang 2000mm HDG | H44: batang | I44: 1 | J44: =J32 -> 800000 | K44: =I44*J44 -> 800000
B45: 2) | C45: Pole band 1/2 (Clamp Begel U) Ø 5,5" HDG | H45: buah | I45: 1 | J45: ='Harga Satuan Dasar mat'!G20 -> 85000 | K45: =I45*J45 -> 85000
B46: 3) | C46: Single Fixing Collar / GW Band 2/2 ; Ø 5,5" HDG | H46: buah | I46: 1 | J46: ='Harga Satuan Dasar mat'!G72 -> 138500 | K46: =I46*J46 -> 138500
B47: 4) | C47: Arm tie galvanise (Besi Siku/Besi L 50mm x 50mm x 5mm) Panjang 1270 mm | H47: batang | I47: 1 | J47: =J35 -> 283250 | K47: =I47*J47 -> 283250
B48: 5) | C48: Steel Plate type II (6 mm x 100 mm x 120 mm) | H48: buah | I48: 2 | J48: =J36 -> 33500 | K48: =I48*J48 -> 67000
B49: 6) | C49: Bolt & nut 5/8 x 50 + ring + 2 mur (galvanis) - M16 | H49: buah | I49: 5 | J49: =J37 -> 14000 | K49: =I49*J49 -> 70000
B50: 7) | C50: Bolt & nut 5/8 x 140 + ring + 2 mur (galvanis) - M16 | H50: buah | I50: 2 | J50: =J38 -> 27000 | K50: =I50*J50 -> 54000
H51: Jumlah | K51: =SUM(K44:K50) -> 1497750
H52: ROK | I52: =$K$3 -> 0.15 | K52: =I52*K51 -> 224662.5
H53: Total | K53: =SUM(K51:K52) -> 1722412.5
H54: Pembulatan | K54: =ROUND(K53,-1) -> 1722410
A55: 5 | B55: 1 Set | D55: Cross Arm Type A1 UNP 100 Unbalance - Tiang Beton 14/350, 13/350, 12/350 & 12/200
B56: 1) | C56: Besi UNP 100 (100mm x 50mm x 5mm) Panjang 2000mm HDG | H56: batang | I56: 1 | J56: =J44 -> 800000 | K56: =I56*J56 -> 800000
B57: 2) | C57: Pole band 1/2 (Clamp Begel U) Ø 7,5" HDG | H57: buah | I57: 1 | J57: ='Harga Satuan Dasar mat'!G24 -> 105500 | K57: =I57*J57 -> 105500
B58: 3) | C58: Single Fixing Collar / GW Band 2/2 ; Ø 8" HDG | H58: buah | I58: 1 | J58: ='Harga Satuan Dasar mat'!G77 -> 181000 | K58: =I58*J58 -> 181000
B59: 4) | C59: Arm tie galvanise (Besi Siku/Besi L 50mm x 50mm x 5mm) Panjang 1270 mm | H59: batang | I59: 1 | J59: =J47 -> 283250 | K59: =I59*J59 -> 283250
B60: 5) | C60: Bolt & nut 5/8 x 50 + ring + 2 mur (galvanis) - M16 | H60: buah | I60: 7 | J60: =J49 -> 14000 | K60: =I60*J60 -> 98000
H61: Jumlah | K61: =SUM(K56:K60) -> 1467750
H62: ROK | I62: =$K$3 -> 0.15 | K62: =I62*K61 -> 220162.5
H63: Total | K63: =SUM(K61:K62) -> 1687912.5
H64: Pembulatan | K64: =ROUND(K63,-1) -> 1687910
A65: 6 | B65: 1 Set | D65: Cross Arm Type A1 UNP 100 Unbalance - Tiang Baja 14/350
B66: 1) | C66: Besi UNP 100 (100mm x 50mm x 5mm) Panjang 2000mm HDG | H66: batang | I66: 1 | J66: =J56 -> 800000 | K66: =I66*J66 -> 800000
B67: 2) | C67: Pole band 1/2 (Clamp Begel U) Ø 8,5" HDG | H67: buah | I67: 1 | J67: ='Harga Satuan Dasar mat'!G26 -> 115000 | K67: =I67*J67 -> 115000
B68: 3) | C68: Single Fixing Collar / GW Band 2/2 ; Ø 8,5" HDG | H68: buah | I68: 1 | J68: ='Harga Satuan Dasar mat'!G78 -> 189500 | K68: =I68*J68 -> 189500
B69: 4) | C69: Arm tie galvanise (Besi Siku/Besi L 50mm x 50mm x 5mm) Panjang 1270 mm | H69: batang | I69: 1 | J69: =J59 -> 283250 | K69: =I69*J69 -> 283250
B70: 5) | C70: Bolt & nut 5/8 x 50 + ring + 2 mur (galvanis) - M16 | H70: buah | I70: 5 | J70: =J60 -> 14000 | K70: =I70*J70 -> 70000
H71: Jumlah | K71: =SUM(K66:K70) -> 1457750
H72: ROK | I72: =$K$3 -> 0.15 | K72: =I72*K71 -> 218662.5
H73: Total | K73: =SUM(K71:K72) -> 1676412.5
H74: Pembulatan | K74: =ROUND(K73,-1) -> 1676410
A75: 7 | B75: 1 Set | D75: Cross Arm Type A1 UNP 100 Unbalance - Tiang Baja 13/350 & Tiang Baja 12/350
B76: 1) | C76: Besi UNP 100 (100mm x 50mm x 5mm) Panjang 2000mm HDG | H76: batang | I76: 1 | J76: =J66 -> 800000 | K76: =I76*J76 -> 800000
B77: 2) | C77: Pole band 1/2 (Clamp Begel U) Ø 6,5" HDG | H77: buah | I77: 1 | J77: ='Harga Satuan Dasar mat'!G22 -> 95500 | K77: =I77*J77 -> 95500
B78: 3) | C78: Single Fixing Collar / GW Band 2/2 ; Ø 6,5" HDG | H78: buah | I78: 1 | J78: ='Harga Satuan Dasar mat'!G74 -> 156000 | K78: =I78*J78 -> 156000
B79: 4) | C79: Arm tie galvanise 50 x 50 x 5 x 1270 mm | H79: batang | I79: 1 | J79: =J69 -> 283250 | K79: =I79*J79 -> 283250
B80: 5) | C80: Bolt & nut 5/8 x 50 + ring + 2 mur (galvanis) - M16 | H80: buah | I80: 5 | J80: =J37 -> 14000 | K80: =I80*J80 -> 70000
H81: Jumlah | K81: =SUM(K76:K80) -> 1404750
H82: ROK | I82: =$K$3 -> 0.15 | K82: =I82*K81 -> 210712.5
H83: Total | K83: =SUM(K81:K82) -> 1615462.5
H84: Pembulatan | K84: =ROUND(K83,-1) -> 1615460
A85: 8 | B85: 1 Set | D85: Cross Arm Type A1 UNP 100 Unbalance - Tiang Baja 12/200
B86: 1) | C86: Besi UNP 100 (100mm x 50mm x 5mm) Panjang 2000mm HDG | H86: batang | I86: 1 | J86: =J76 -> 800000 | K86: =I86*J86 -> 800000
B87: 2) | C87: Pole band 1/2 (Clamp Begel U) Ø 5,5" HDG | H87: buah | I87: 1 | J87: ='Harga Satuan Dasar mat'!G20 -> 85000 | K87: =I87*J87 -> 85000
B88: 3) | C88: Single Fixing Collar / GW Band 2/2 ; Ø 5,5" HDG | H88: buah | I88: 1 | J88: ='Harga Satuan Dasar mat'!G72 -> 138500 | K88: =I88*J88 -> 138500
B89: 4) | C89: Arm tie galvanise (Besi Siku/Besi L 50mm x 50mm x 5mm) Panjang 1270 mm | H89: batang | I89: 1 | J89: =J79 -> 283250 | K89: =I89*J89 -> 283250
B90: 5) | C90: Bolt & nut 5/8 x 50 + ring + 2 mur (galvanis) - M16 | H90: buah | I90: 5 | J90: =J80 -> 14000 | K90: =I90*J90 -> 70000
H91: Jumlah | K91: =SUM(K86:K90) -> 1376750
H92: ROK | I92: =$K$3 -> 0.15 | K92: =I92*K91 -> 206512.5
H93: Total | K93: =SUM(K91:K92) -> 1583262.5
H94: Pembulatan | K94: =ROUND(K93,-1) -> 1583260
A95: 9 | B95: 1 Set | D95: Cross Arm Type A2 UNP 100 Balance - Tiang Beton 14/350, 13/350, 12/350 & 12/200
B96: 1) | C96: Besi UNP 100 (100mm x 50mm x 5mm) Panjang 2000mm HDG | H96: batang | I96: 2 | J96: =J86 -> 800000 | K96: =I96*J96 -> 1600000
B97: 2) | C97: Pole Band 2/2 ; Ø 7,5" HDG | H97: buah | I97: 1 | J97: ='Harga Satuan Dasar mat'!G50 -> 143000 | K97: =I97*J97 -> 143000
B98: 3) | C98: Single Fixing Collar / GW Band 2/2 ; Ø 8" HDG (Arm Tie Band) | H98: buah | I98: 1 | J98: ='Harga Satuan Dasar mat'!G77 -> 181000 | K98: =I98*J98 -> 181000
B99: 4) | C99: Arm tie galvanise (Besi Siku/Besi L 50mm x 50mm x 5mm) Panjang 1270 mm | H99: batang | I99: 1 | J99: =J47 -> 283250 | K99: =I99*J99 -> 283250
B100: 5) | C100: Steel Plate Type I (6 mm x 100 mm x 375 mm) | H100: buah | I100: 4 | J100: ='Harga Satuan Dasar mat'!G415 -> 68500 | K100: =I100*J100 -> 274000
B101: 6) | C101: Steel Plate type II (6 mm x 100 mm x 120 mm) | H101: buah | I101: 4 | J101: ='Harga Satuan Dasar mat'!G416 -> 33500 | K101: =I101*J101 -> 134000
...

Sheet D3 SKUTM
A1: ANALISA HARGA SATUAN MATERIAL KONSTRUKSI
A2: SALURAN KABEL UDATA TEGANGAN MENENGAH (SKUTM)
J3: ROK | K3: 0.15
A4: No | B4: Uraian | H4: Satuan | I4: Volume | J4: Harga (Rp)
J5: Dasar | K5: Harga Satuan
A7: 1 | B7: 1 Set | D7: Suspension Assembly JTM MVTIC Tiang Beton 14/350, Tiang Beton 13/350, Tiang Beton 12/350, Tiang Beton 12/200
B8: 1) | C8: Double Arm Fixing Collar 2/2 ; tebal 6mm x lebar 42mm, Ø 7,5" HDG | H8: buah | I8: 1 | J8: ='Harga Satuan Dasar mat'!G102 -> 203000 | K8: =I8*J8 -> 203000
B9: 2) | C9: Bolt & nut 5/8 x 50 + ring + 2 mur (galvanis) - M16 | H9: buah | I9: 4 | J9: ='Harga Satuan Dasar mat'!G252 -> 14000 | K9: =I9*J9 -> 56000
B10: 3) | C10: Separator Clamp for neutral | H10: buah | I10: 1 | J10: ='Harga Satuan Dasar mat'!G709 -> 74500 | K10: =I10*J10 -> 74500
H11: Jumlah | K11: =SUM(K8:K10) -> 333500
H12: ROK | I12: =$K$3 -> 0.15 | K12: =I12*K11 -> 50025
H13: Total | K13: =SUM(K11:K12) -> 383525
H14: Pembulatan | K14: =ROUND(K13,-1) -> 383530
A15: 2 | B15: 1 Set | D15: Suspension Assembly JTM MVTIC Tiang Baja 14/350
B16: 1) | C16: Double Arm Fixing Collar 2/2 ; tebal 6mm x lebar 42mm, Ø 8,5" HDG | H16: buah | I16: 1 | J16: ='Harga Satuan Dasar mat'!G104 -> 221500 | K16: =I16*J16 -> 221500
B17: 2) | C17: Bolt & nut 5/8 x 50 + ring + 2 mur (galvanis) - M16 | H17: buah | I17: 4 | J17: =J9 -> 14000 | K17: =I17*J17 -> 56000
B18: 3) | C18: Separator Clamp for neutral | H18: buah | I18: 1 | J18: =J10 -> 74500 | K18: =I18*J18 -> 74500
H19: Jumlah | K19: =SUM(K16:K18) -> 352000
H20: ROK | I20: =$K$3 -> 0.15 | K20: =I20*K19 -> 52800
H21: Total | K21: =SUM(K19:K20) -> 404800
H22: Pembulatan | K22: =ROUND(K21,-1) -> 404800
A23: 3 | B23: 1 Set | D23: Suspension Assembly JTM MVTIC Tiang Baja 13/350, Tiang Baja 12/350
B24: 1) | C24: Double Arm Fixing Collar 2/2 ; tebal 6mm x lebar 42mm, Ø 6,5" HDG | H24: buah | I24: 1 | J24: ='Harga Satuan Dasar mat'!G100 -> 184000 | K24: =I24*J24 -> 184000
B25: 2) | C25: Bolt & nut 5/8 x 50 + ring + 2 mur (galvanis) - M16 | H25: buah | I25: 4 | J25: =J17 -> 14000 | K25: =I25*J25 -> 56000
B26: 3) | C26: Separator Clamp for neutral | H26: buah | I26: 1 | J26: =J18 -> 74500 | K26: =I26*J26 -> 74500
H27: Jumlah | K27: =SUM(K24:K26) -> 314500
H28: ROK | I28: =$K$3 -> 0.15 | K28: =I28*K27 -> 47175
H29: Total | K29: =SUM(K27:K28) -> 361675
H30: Pembulatan | K30: =ROUND(K29,-1) -> 361680
A31: 4 | B31: 1 Set | D31: Suspension Assembly JTM MVTIC Tiang Baja 12/200
B32: 1) | C32: Double Arm Fixing Collar 2/2 ; tebal 6mm x lebar 42mm, Ø 5,5" HDG | H32: buah | I32: 1 | J32: ='Harga Satuan Dasar mat'!G98 -> 164500 | K32: =I32*J32 -> 164500
B33: 2) | C33: Bolt & nut 5/8 x 50 + ring + 2 mur (galvanis) - M16 | H33: buah | I33: 4 | J33: =J25 -> 14000 | K33: =I33*J33 -> 56000
B34: 3) | C34: Separator Clamp for neutral | H34: buah | I34: 1 | J34: =J26 -> 74500 | K34: =I34*J34 -> 74500
H35: Jumlah | K35: =SUM(K32:K34) -> 295000
H36: ROK | I36: =$K$3 -> 0.15 | K36: =I36*K35 -> 44250
H37: Total | K37: =SUM(K35:K36) -> 339250
H38: Pembulatan | K38: =ROUND(K37,-1) -> 339250
A39: 5 | B39: 1 Set | D39: Large Angle Assembly JTM MVTIC 95mm² Tiang Beton 14/350, Tiang Beton 13/350, Tiang Beton 12/350, Tiang Beton 12/200
B40: 1) | C40: Double Arm Fixing Collar 2/2 ; tebal 6mm x lebar 42mm, Ø 7,5" HDG | H40: buah | I40: 1 | J40: ='Harga Satuan Dasar mat'!G102 -> 203000 | K40: =I40*J40 -> 203000
B41: 2) | C41: Eye Nut M16 | H41: buah | I41: 2 | J41: ='Harga Satuan Dasar mat'!G737 -> 27550 | K41: =I41*J41 -> 55100
B42: 3) | C42: Shackle | H42: buah | I42: 2 | J42: ='Harga Satuan Dasar mat'!G738 -> 128700 | K42: =I42*J42 -> 257400
B43: 4) | C43: Turn Buckle 3/4" / Spanschroef 60 kN | H43: buah | I43: 2 | J43: ='Harga Satuan Dasar mat'!G390 -> 175000 | K43: =I43*J43 -> 350000
B44: 5) | C44: Strain Clamp (Clamp Tarik) MVTIC / TM ; 95mm² - 3 Nut | H44: buah | I44: 2 | J44: ='Harga Satuan Dasar mat'!G549 -> 75120 | K44: =I44*J44 -> 150240
B45: 6) | C45: Bolt & nut 5/8 x 50 + ring + 2 mur (galvanis) - M16 | H45: buah | I45: 4 | J45: =J33 -> 14000 | K45: =I45*J45 -> 56000
H46: Jumlah | K46: =SUM(K40:K45) -> 1071740
H47: ROK | I47: =$K$3 -> 0.15 | K47: =I47*K46 -> 160761
H48: Total | K48: =SUM(K46:K47) -> 1232501
H49: Pembulatan | K49: =ROUND(K48,-1) -> 1232500
A50: 6 | B50: 1 Set | D50: Large Angle Assembly JTM MVTIC 95mm² Tiang Baja 14/350
B51: 1) | C51: Double Arm Fixing Collar 2/2 ; tebal 6mm x lebar 42mm, Ø 8,5" HDG | H51: buah | I51: 1 | J51: ='Harga Satuan Dasar mat'!G104 -> 221500 | K51: =I51*J51 -> 221500
B52: 2) | C52: Eye Nut M16 | H52: buah | I52: 2 | J52: =J41 -> 27550 | K52: =I52*J52 -> 55100
B53: 3) | C53: Shackle | H53: buah | I53: 2 | J53: =J42 -> 128700 | K53: =I53*J53 -> 257400
B54: 4) | C54: Turn Buckle / Spanschroef 60 kN | H54: buah | I54: 2 | J54: =J43 -> 175000 | K54: =I54*J54 -> 350000
B55: 5) | C55: Strain Clamp (Clamp Tarik) MVTIC / TM ; 95mm² - 3 Nut | H55: buah | I55: 2 | J55: =J44 -> 75120 | K55: =I55*J55 -> 150240
B56: 6) | C56: Bolt & nut 5/8 x 50 + ring + 2 mur (galvanis) - M16 | H56: buah | I56: 4 | J56: =J45 -> 14000 | K56: =I56*J56 -> 56000
H57: Jumlah | K57: =SUM(K51:K56) -> 1090240
H58: ROK | I58: =$K$3 -> 0.15 | K58: =I58*K57 -> 163536
H59: Total | K59: =SUM(K57:K58) -> 1253776
H60: Pembulatan | K60: =ROUND(K59,-1) -> 1253780
A61: 7 | B61: 1 Set | D61: Large Angle Assembly JTM MVTIC 95mm² Tiang Baja 13/350, Tiang Baja 12/350
B62: 1) | C62: Double Arm Fixing Collar 2/2 ; tebal 6mm x lebar 42mm, Ø 6,5" HDG | H62: buah | I62: 1 | J62: ='Harga Satuan Dasar mat'!G100 -> 184000 | K62: =I62*J62 -> 184000
B63: 2) | C63: Eye Nut M16 | H63: buah | I63: 2 | J63: =J52 -> 27550 | K63: =I63*J63 -> 55100
B64: 3) | C64: Shackle | H64: buah | I64: 2 | J64: =J53 -> 128700 | K64: =I64*J64 -> 257400
B65: 4) | C65: Turn Buckle / Spanschroef 60 kN | H65: buah | I65: 2 | J65: =J54 -> 175000 | K65: =I65*J65 -> 350000
B66: 5) | C66: Strain Clamp (Clamp Tarik) MVTIC / TM ; 95mm² - 3 Nut | H66: buah | I66: 2 | J66: =J55 -> 75120 | K66: =I66*J66 -> 150240
B67: 6) | C67: Bolt & nut 5/8 x 50 + ring + 2 mur (galvanis) - M16 | H67: buah | I67: 4 | J67: =J56 -> 14000 | K67: =I67*J67 -> 56000
H68: Jumlah | K68: =SUM(K62:K67) -> 1052740
H69: ROK | I69: =$K$3 -> 0.15 | K69: =I69*K68 -> 157911
H70: Total | K70: =SUM(K68:K69) -> 1210651
H71: Pembulatan | K71: =ROUND(K70,-1) -> 1210650
A72: 8 | B72: 1 Set | D72: Large Angle Assembly JTM MVTIC 95mm² Tiang Baja 12/200
B73: 1) | C73: Double Arm Fixing Collar 2/2 ; tebal 6mm x lebar 42mm, Ø 5,5" HDG | H73: buah | I73: 1 | J73: ='Harga Satuan Dasar mat'!G98 -> 164500 | K73: =I73*J73 -> 164500
B74: 2) | C74: Eye Nut M16 | H74: buah | I74: 2 | J74: =J63 -> 27550 | K74: =I74*J74 -> 55100
B75: 3) | C75: Shackle | H75: buah | I75: 2 | J75: =J64 -> 128700 | K75: =I75*J75 -> 257400
B76: 4) | C76: Turn Buckle / Spanschroef 60 kN | H76: buah | I76: 2 | J76: =J65 -> 175000 | K76: =I76*J76 -> 350000
B77: 5) | C77: Strain Clamp (Clamp Tarik) MVTIC / TM ; 95mm² - 3 Nut | H77: buah | I77: 2 | J77: =J66 -> 75120 | K77: =I77*J77 -> 150240
B78: 6) | C78: Bolt & nut 5/8 x 50 + ring + 2 mur (galvanis) - M16 | H78: buah | I78: 4 | J78: =J67 -> 14000 | K78: =I78*J78 -> 56000
H79: Jumlah | K79: =SUM(K73:K78) -> 1033240
H80: ROK | I80: =$K$3 -> 0.15 | K80: =I80*K79 -> 154986
H81: Total | K81: =SUM(K79:K80) -> 1188226
H82: Pembulatan | K82: =ROUND(K81,-1) -> 1188230
A83: 9 | B83: 1 Set | D83: Large Angle Assembly JTM MVTIC 150mm² Tiang Beton 14/350, Tiang Beton 13/350, Tiang Beton 12/350, Tiang Beton 12/200
B84: 1) | C84: Double Arm Fixing Collar 2/2 ; tebal 6mm x lebar 42mm, Ø 7,5" HDG | H84: buah | I84: 1 | J84: =J40 -> 203000 | K84: =I84*J84 -> 203000
B85: 2) | C85: Eye Nut M16 | H85: buah | I85: 2 | J85: =J41 -> 27550 | K85: =I85*J85 -> 55100
B86: 3) | C86: Shackle | H86: buah | I86: 2 | J86: =J42 -> 128700 | K86: =I86*J86 -> 257400
B87: 4) | C87: Turn Buckle 3/4" / Spanschroef 60 kN | H87: buah | I87: 2 | J87: =J43 -> 175000 | K87: =I87*J87 -> 350000
B88: 5) | C88: Strain Clamp (Clamp Tarik) MVTIC / TM ; 150mm² - 3 Nut | H88: buah | I88: 2 | J88: ='Harga Satuan Dasar mat'!G551 -> 99720 | K88: =I88*J88 -> 199440
B89: 6) | C89: Bolt & nut 5/8 x 50 + ring + 2 mur (galvanis) - M16 | H89: buah | I89: 4 | J89: =J45 -> 14000 | K89: =I89*J89 -> 56000
H90: Jumlah | K90: =SUM(K84:K89) -> 1120940
H91: ROK | I91: =$K$3 -> 0.15 | K91: =I91*K90 -> 168141
H92: Total | K92: =SUM(K90:K91) -> 1289081
H93: Pembulatan | K93: =ROUND(K92,-1) -> 1289080
A94: 10 | B94: 1 Set | D94: Large Angle Assembly JTM MVTIC 150mm² Tiang Baja 14/350
B95: 1) | C95: Double Arm Fixing Collar 2/2 ; tebal 6mm x lebar 42mm, Ø 8,5" HDG | H95: buah | I95: 1 | J95: =J51 -> 221500 | K95: =I95*J95 -> 221500
B96: 2) | C96: Eye Nut M16 | H96: buah | I96: 2 | J96: =J52 -> 27550 | K96: =I96*J96 -> 55100
B97: 3) | C97: Shackle | H97: buah | I97: 2 | J97: =J53 -> 128700 | K97: =I97*J97 -> 257400
B98: 4) | C98: Turn Buckle / Spanschroef 60 kN | H98: buah | I98: 2 | J98: =J54 -> 175000 | K98: =I98*J98 -> 350000
B99: 5) | C99: Strain Clamp (Clamp Tarik) MVTIC / TM ; 150mm² - 3 Nut | H99: buah | I99: 2 | J99: =J88 -> 99720 | K99: =I99*J99 -> 199440
B100: 6) | C100: Bolt & nut 5/8 x 50 + ring + 2 mur (galvanis) - M16 | H100: buah | I100: 4 | J100: =J56 -> 14000 | K100: =I100*J100 -> 56000
H101: Jumlah | K101: =SUM(K95:K100) -> 1139440
...

Sheet D4 SKTM
A1: ANALISA HARGA SATUAN MATERIAL KONSTRUKSI
A2: SALURAN KABEL TANAH TEGANGAN MENENGAH (SKTM)
J3: ROK | K3: 0.15
A4: No | B4: Uraian | H4: Satuan | I4: Volume | J4: Harga (Rp)
J5: Dasar | K5: Harga Satuan
A7: 1 | B7: 1 Set | D7: Asesoris Riser Pole (Tiang Awal/Kabel Naik) SKTM 95mm² - Tiang Beton
B8: 1) | C8: Pipa Besi Galvanised diameter 4,0" tebal minimal 2,5mm Panjang 6000mm | H8: batang | I8: 1 | J8: ='Harga Satuan Dasar mat'!G335 -> 1998000 | K8: =I8*J8 -> 1998000
B9: 2) | C9: Ornament Cable Band HDG 4 x 8" (pemegang Kabel) | H9: buah | I9: 1 | J9: ='Harga Satuan Dasar mat'!G481 -> 165000 | K9: =I9*J9 -> 165000
B10: 3) | C10: Ornament Cable Band HDG 4 x 10,5" (pemegang Pipa sisi atas ) | H10: buah | I10: 1 | J10: ='Harga Satuan Dasar mat'!G486 -> 182000 | K10: =I10*J10 -> 182000
B11: 4) | C11: Ornament Cable Band HDG 4 x 11,5" (pemegang Pipa sisi tengah) | H11: buah | I11: 1 | J11: ='Harga Satuan Dasar mat'!G488 -> 196000 | K11: =I11*J11 -> 196000
B12: 5) | C12: Ornament Cable Band HDG 4 x 13" (pemegang Pipa sisi bawah) | H12: buah | I12: 1 | J12: ='Harga Satuan Dasar mat'!G491 -> 240000 | K12: =I12*J12 -> 240000
B13: 6) | C13: Bolt & Nut 5/8"x70 mm + Washer Galvanis | H13: buah | I13: 12 | J13: ='Harga Satuan Dasar mat'!G251 -> 17000 | K13: =I13*J13 -> 204000
H14: Jumlah | K14: =SUM(K8:K13) -> 2985000
H15: ROK | I15: =$K$3 -> 0.15 | K15: =I15*K14 -> 447750
H16: Total | K16: =SUM(K14:K15) -> 3432750
H17: Pembulatan | K17: =ROUND(K16,-1) -> 3432750
A18: 2 | B18: 1 Set | D18: Asesoris Riser Pole (Tiang Awal/Kabel Naik) SKTM 95mm² - Tiang Baja 14/350
B19: 1) | C19: Pipa Besi Galvanised diameter 4,0" tebal minimal 2,5mm Panjang 6000mm | H19: batang | I19: 1 | J19: =J8 -> 1998000 | K19: =I19*J19 -> 1998000
B20: 2) | C20: Ornament Cable Band HDG 4 x 8,5" (pemegang Kabel) | H20: buah | I20: 1 | J20: ='Harga Satuan Dasar mat'!G482 -> 172000 | K20: =I20*J20 -> 172000
B21: 3) | C21: Ornament Cable Band HDG 4 x 10,5" (pemegang Pipa sisi atas ) | H21: buah | I21: 1 | J21: =J10 -> 182000 | K21: =I21*J21 -> 182000
B22: 4) | C22: Ornament Cable Band HDG 4 x 10,5" (pemegang Pipa sisi tengah) | H22: buah | I22: 1 | J22: =J21 -> 182000 | K22: =I22*J22 -> 182000
B23: 5) | C23: Ornament Cable Band HDG 4 x 12,5" (pemegang Pipa sisi bawah) | H23: buah | I23: 1 | J23: ='Harga Satuan Dasar mat'!G490 -> 232000 | K23: =I23*J23 -> 232000
B24: 6) | C24: Bolt & Nut 5/8"x70 mm + Washer Galvanis | H24: buah | I24: 12 | J24: =J13 -> 17000 | K24: =I24*J24 -> 204000
H25: Jumlah | K25: =SUM(K19:K24) -> 2970000
H26: ROK | I26: =$K$3 -> 0.15 | K26: =I26*K25 -> 445500
H27: Total | K27: =SUM(K25:K26) -> 3415500
H28: Pembulatan | K28: =ROUND(K27,-1) -> 3415500
A29: 3 | B29: 1 Set | D29: Asesoris Riser Pole (Tiang Awal/Kabel Naik) SKTM 95mm² - Tiang Baja 13/350, Tiang Baja 12/350
B30: 1) | C30: Pipa Besi Galvanised diameter 4,0" tebal minimal 2,5mm Panjang 6000mm | H30: batang | I30: 1 | J30: =J19 -> 1998000 | K30: =I30*J30 -> 1998000
B31: 2) | C31: Ornament Cable Band HDG 4 x 6,5" (pemegang Kabel) | H31: buah | I31: 1 | J31: ='Harga Satuan Dasar mat'!G478 -> 142000 | K31: =I31*J31 -> 142000
B32: 3) | C32: Ornament Cable Band HDG 4 x 8,5" (pemegang Pipa sisi atas ) | H32: buah | I32: 1 | J32: =J20 -> 172000 | K32: =I32*J32 -> 172000
B33: 4) | C33: Ornament Cable Band HDG 4 x 8,5" (pemegang Pipa sisi tengah) | H33: buah | I33: 1 | J33: =J32 -> 172000 | K33: =I33*J33 -> 172000
B34: 5) | C34: Ornament Cable Band HDG 4 x 10,5" (pemegang Pipa sisi bawah) | H34: buah | I34: 1 | J34: =J21 -> 182000 | K34: =I34*J34 -> 182000
B35: 6) | C35: Bolt & Nut 5/8"x70 mm + Washer Galvanis | H35: buah | I35: 12 | J35: =J24 -> 17000 | K35: =I35*J35 -> 204000
H36: Jumlah | K36: =SUM(K30:K35) -> 2870000
H37: ROK | I37: =$K$3 -> 0.15 | K37: =I37*K36 -> 430500
H38: Total | K38: =SUM(K36:K37) -> 3300500
H39: Pembulatan | K39: =ROUND(K38,-1) -> 3300500
A40: 4 | B40: 1 Set | D40: Asesoris Riser Pole (Tiang Awal/Kabel Naik) SKTM 95mm² - Tiang Baja 12/200
B41: 1) | C41: Pipa Besi Galvanised diameter 4,0" tebal minimal 2,5mm Panjang 6000mm | H41: batang | I41: 1 | J41: =J30 -> 1998000 | K41: =I41*J41 -> 1998000
B42: 2) | C42: Ornament Cable Band HDG 4 x 5,5" (pemegang Kabel) | H42: buah | I42: 1 | J42: ='Harga Satuan Dasar mat'!G476 -> 127000 | K42: =I42*J42 -> 127000
B43: 3) | C43: Ornament Cable Band HDG 4 x 7,5" (pemegang Pipa sisi atas ) | H43: buah | I43: 1 | J43: ='Harga Satuan Dasar mat'!G480 -> 157000 | K43: =I43*J43 -> 157000
B44: 4) | C44: Ornament Cable Band HDG 4 x 7,5" (pemegang Pipa sisi tengah) | H44: buah | I44: 1 | J44: =J43 -> 157000 | K44: =I44*J44 -> 157000
B45: 5) | C45: Ornament Cable Band HDG 4 x 8,5" (pemegang Pipa sisi bawah) | H45: buah | I45: 1 | J45: =J32 -> 172000 | K45: =I45*J45 -> 172000
B46: 6) | C46: Bolt & Nut 5/8"x70 mm + Washer Galvanis | H46: buah | I46: 12 | J46: =J35 -> 17000 | K46: =I46*J46 -> 204000
H47: Jumlah | K47: =SUM(K41:K46) -> 2815000
H48: ROK | I48: =$K$3 -> 0.15 | K48: =I48*K47 -> 422250
H49: Total | K49: =SUM(K47:K48) -> 3237250
H50: Pembulatan | K50: =ROUND(K49,-1) -> 3237250
A51: 5 | B51: 1 Set | D51: Asesoris Riser Pole (Tiang Awal/Kabel Naik) SKTM 120mm² - Tiang Beton
B52: 1) | C52: Pipa Besi Galvanised diameter 5,0" tebal minimal 2,5mm Panjang 6000mm | H52: batang | I52: 1 | J52: ='Harga Satuan Dasar mat'!G344 -> 2496150 | K52: =I52*J52 -> 2496150
B53: 2) | C53: Ornament Cable Band HDG 5 x 8" (pemegang Kabel) | H53: buah | I53: 1 | J53: =J9 -> 165000 | K53: =I53*J53 -> 165000
B54: 3) | C54: Ornament Cable Band HDG 5 x 10,5" (pemegang Pipa sisi atas ) | H54: buah | I54: 1 | J54: =J10 -> 182000 | K54: =I54*J54 -> 182000
B55: 4) | C55: Ornament Cable Band HDG 5 x 11,5" (pemegang Pipa sisi tengah) | H55: buah | I55: 1 | J55: =J11 -> 196000 | K55: =I55*J55 -> 196000
B56: 5) | C56: Ornament Cable Band HDG 5 x 13" (pemegang Pipa sisi bawah) | H56: buah | I56: 1 | J56: =J12 -> 240000 | K56: =I56*J56 -> 240000
B57: 6) | C57: Bolt & Nut 5/8"x70 mm + Washer Galvanis | H57: buah | I57: 12 | J57: =J13 -> 17000 | K57: =I57*J57 -> 204000
H58: Jumlah | K58: =SUM(K52:K57) -> 3483150
H59: ROK | I59: =$K$3 -> 0.15 | K59: =I59*K58 -> 522472.5
H60: Total | K60: =SUM(K58:K59) -> 4005622.5
H61: Pembulatan | K61: =ROUND(K60,-1) -> 4005620
A62: 6 | B62: 1 Set | D62: Asesoris Riser Pole (Tiang Awal/Kabel Naik) SKTM 120mm² - Tiang Baja 14/350
B63: 1) | C63: Pipa Besi Galvanised diameter 5,0" tebal minimal 2,5mm Panjang 6000mm | H63: batang | I63: 1 | J63: =J52 -> 2496150 | K63: =I63*J63 -> 2496150
B64: 2) | C64: Ornament Cable Band HDG 5 x 8,5" (pemegang Kabel) | H64: buah | I64: 1 | J64: =J20 -> 172000 | K64: =I64*J64 -> 172000
B65: 3) | C65: Ornament Cable Band HDG 5 x 10,5" (pemegang Pipa sisi atas ) | H65: buah | I65: 1 | J65: =J21 -> 182000 | K65: =I65*J65 -> 182000
B66: 4) | C66: Ornament Cable Band HDG 5 x 10,5" (pemegang Pipa sisi tengah) | H66: buah | I66: 1 | J66: =J22 -> 182000 | K66: =I66*J66 -> 182000
B67: 5) | C67: Ornament Cable Band HDG 5 x 12,5" (pemegang Pipa sisi bawah) | H67: buah | I67: 1 | J67: =J23 -> 232000 | K67: =I67*J67 -> 232000
B68: 6) | C68: Bolt & Nut 5/8"x70 mm + Washer Galvanis | H68: buah | I68: 12 | J68: =J24 -> 17000 | K68: =I68*J68 -> 204000
H69: Jumlah | K69: =SUM(K63:K68) -> 3468150
H70: ROK | I70: =$K$3 -> 0.15 | K70: =I70*K69 -> 520222.5
H71: Total | K71: =SUM(K69:K70) -> 3988372.5
H72: Pembulatan | K72: =ROUND(K71,-1) -> 3988370
A73: 7 | B73: 1 Set | D73: Asesoris Riser Pole (Tiang Awal/Kabel Naik) SKTM 120mm² - Tiang Baja 13/350, Tiang Baja 12/350
B74: 1) | C74: Pipa Besi Galvanised diameter 5,0" tebal minimal 2,5mm Panjang 6000mm | H74: batang | I74: 1 | J74: =J63 -> 2496150 | K74: =I74*J74 -> 2496150
B75: 2) | C75: Ornament Cable Band HDG 5 x 6,5" (pemegang Kabel) | H75: buah | I75: 1 | J75: =J31 -> 142000 | K75: =I75*J75 -> 142000
B76: 3) | C76: Ornament Cable Band HDG 5 x 8,5" (pemegang Pipa sisi atas ) | H76: buah | I76: 1 | J76: =J32 -> 172000 | K76: =I76*J76 -> 172000
B77: 4) | C77: Ornament Cable Band HDG 5 x 8,5" (pemegang Pipa sisi tengah) | H77: buah | I77: 1 | J77: =J33 -> 172000 | K77: =I77*J77 -> 172000
B78: 5) | C78: Ornament Cable Band HDG 5 x 10,5" (pemegang Pipa sisi bawah) | H78: buah | I78: 1 | J78: =J34 -> 182000 | K78: =I78*J78 -> 182000
B79: 6) | C79: Bolt & Nut 5/8"x70 mm + Washer Galvanis | H79: buah | I79: 12 | J79: =J35 -> 17000 | K79: =I79*J79 -> 204000
H80: Jumlah | K80: =SUM(K74:K79) -> 3368150
H81: ROK | I81: =$K$3 -> 0.15 | K81: =I81*K80 -> 505222.5
H82: Total | K82: =SUM(K80:K81) -> 3873372.5
H83: Pembulatan | K83: =ROUND(K82,-1) -> 3873370
A84: 8 | B84: 1 Set | D84: Asesoris Riser Pole (Tiang Awal/Kabel Naik) SKTM 120mm² - Tiang Baja 12/200
B85: 1) | C85: Pipa Besi Galvanised diameter 5,0" tebal minimal 2,5mm Panjang 6000mm | H85: batang | I85: 1 | J85: =J74 -> 2496150 | K85: =I85*J85 -> 2496150
B86: 2) | C86: Ornament Cable Band HDG 5 x 5,5" (pemegang Kabel) | H86: buah | I86: 1 | J86: =J42 -> 127000 | K86: =I86*J86 -> 127000
B87: 3) | C87: Ornament Cable Band HDG 5 x 7,5" (pemegang Pipa sisi atas ) | H87: buah | I87: 1 | J87: =J43 -> 157000 | K87: =I87*J87 -> 157000
B88: 4) | C88: Ornament Cable Band HDG 5 x 7,5" (pemegang Pipa sisi tengah) | H88: buah | I88: 1 | J88: =J44 -> 157000 | K88: =I88*J88 -> 157000
B89: 5) | C89: Ornament Cable Band HDG 5 x 8,5" (pemegang Pipa sisi bawah) | H89: buah | I89: 1 | J89: =J45 -> 172000 | K89: =I89*J89 -> 172000
B90: 6) | C90: Bolt & Nut 5/8"x70 mm + Washer Galvanis | H90: buah | I90: 12 | J90: =J46 -> 17000 | K90: =I90*J90 -> 204000
H91: Jumlah | K91: =SUM(K85:K90) -> 3313150
H92: ROK | I92: =$K$3 -> 0.15 | K92: =I92*K91 -> 496972.5
H93: Total | K93: =SUM(K91:K92) -> 3810122.5
H94: Pembulatan | K94: =ROUND(K93,-1) -> 3810120
A95: 9 | B95: 1 Set | D95: Asesoris Riser Pole (Tiang Awal/Kabel Naik) SKTM 150mm² - Tiang Beton
B96: 1) | C96: Pipa Besi Galvanised diameter 6,0" tebal minimal 2,5mm Panjang 6000mm | H96: batang | I96: 1 | J96: ='Harga Satuan Dasar mat'!G353 -> 2995880 | K96: =I96*J96 -> 2995880
B97: 2) | C97: Ornament Cable Band HDG 6 x 8" (pemegang Kabel) | H97: buah | I97: 1 | J97: ='Harga Satuan Dasar mat'!G499 -> 196000 | K97: =I97*J97 -> 196000
B98: 3) | C98: Ornament Cable Band HDG 6 x 10,5" (pemegang Pipa sisi atas ) | H98: buah | I98: 1 | J98: ='Harga Satuan Dasar mat'!G503 -> 238000 | K98: =I98*J98 -> 238000
B99: 4) | C99: Ornament Cable Band HDG 6 x 11,5" (pemegang Pipa sisi tengah) | H99: buah | I99: 1 | J99: ='Harga Satuan Dasar mat'!G505 -> 255000 | K99: =I99*J99 -> 255000
B100: 5) | C100: Ornament Cable Band HDG 6 x 13" (pemegang Pipa sisi bawah) | H100: buah | I100: 1 | J100: ='Harga Satuan Dasar mat'!G508 -> 280000 | K100: =I100*J100 -> 280000
B101: 6) | C101: Bolt & Nut 5/8"x70 mm + Washer Galvanis | H101: buah | I101: 12 | J101: =J90 -> 17000 | K101: =I101*J101 -> 204000
...

Sheet D5 Gardu
A1: ANALISA HARGA SATUAN MATERIAL KONSTRUKSI
A2: GARDU DISTRIBUSI TEGANGAN MENENGAH & KUBIKEL
J3: ROK | K3: 0.15
A4: No | B4: Uraian | H4: Satuan | I4: Volume | J4: Harga (Rp)
J5: Dasar | K5: Harga Satuan
A7: 1 | B7: 1 Set | D7: Cross Arm Dudukan Cut Out di Gardu 1 Tiang - Tiang Beton 14/350, 13/350, 12/350 & 12/200
B8: 1) | C8: Besi UNP 100 (100mm x 50mm x 5mm) Panjang 2000mm HDG | H8: batang | I8: 1 | J8: ='Harga Satuan Dasar mat'!G147 -> 800000 | K8: =I8*J8 -> 800000
B9: 2) | C9: Pole band 1/2 ; Ø 8" HDG | H9: buah | I9: 1 | J9: ='Harga Satuan Dasar mat'!G25 -> 110000 | K9: =I9*J9 -> 110000
B10: 3) | C10: Bolt & nut 5/8 x 50 + ring + 2 mur (galvanis) - M16 | H10: buah | I10: 7 | J10: ='Harga Satuan Dasar mat'!G252 -> 14000 | K10: =I10*J10 -> 98000
B11: 4) | C11: Besi Siku / Besi L 50mm x 50mm x 5mm Panjang 1270mm - HDG u/ Arm Tie | H11: buah | I11: 2 | J11: ='Harga Satuan Dasar mat'!G203 -> 283250 | K11: =I11*J11 -> 566500
B12: 5) | C12: Double Arm Fixing Collar / Arm Tie 2/2 tebal 6mm x lebar 42mm, Ø 8,5" | H12: buah | I12: 1 | J12: ='Harga Satuan Dasar mat'!G104 -> 221500 | K12: =I12*J12 -> 221500
H13: Jumlah | K13: =SUM(K8:K12) -> 1796000
H14: ROK | I14: =$K$3 -> 0.15 | K14: =I14*K13 -> 269400
H15: Total | K15: =SUM(K13:K14) -> 2065400
H16: Pembulatan | K16: =ROUND(K15,-1) -> 2065400
A17: 2 | B17: 1 Set | D17: Cross Arm Dudukan Cut Out di Gardu 1 Tiang - Tiang Baja 14/350
B18: 1) | C18: Besi UNP 100 (100mm x 50mm x 5mm) Panjang 2000mm HDG | H18: batang | I18: 1 | J18: =J8 -> 800000 | K18: =I18*J18 -> 800000
B19: 2) | C19: Pole band 1/2 ; Ø 8,5" HDG | H19: buah | I19: 1 | J19: ='Harga Satuan Dasar mat'!G26 -> 115000 | K19: =I19*J19 -> 115000
B20: 3) | C20: Bolt & nut 5/8 x 50 + ring + 2 mur (galvanis) - M16 | H20: buah | I20: 7 | J20: =J10 -> 14000 | K20: =I20*J20 -> 98000
B21: 4) | C21: Besi Siku / Besi L 50mm x 50mm x 5mm Panjang 1270mm - HDG u/ Arm Tie | H21: buah | I21: 2 | J21: =J11 -> 283250 | K21: =I21*J21 -> 566500
B22: 5) | C22: Double Arm Fixing Collar / Arm Tie 2/2 tebal 6mm x lebar 42mm, Ø 8,5" | H22: buah | I22: 1 | J22: =J12 -> 221500 | K22: =I22*J22 -> 221500
H23: Jumlah | K23: =SUM(K18:K22) -> 1801000
H24: ROK | I24: =$K$3 -> 0.15 | K24: =I24*K23 -> 270150
H25: Total | K25: =SUM(K23:K24) -> 2071150
H26: Pembulatan | K26: =ROUND(K25,-1) -> 2071150
A27: 3 | B27: 1 Set | D27: Cross Arm Dudukan Cut Out di Gardu 1 Tiang - Tiang Baja 13/350 & Tiang Baja 12/350
B28: 1) | C28: Besi UNP 100 (100mm x 50mm x 5mm) Panjang 2000mm HDG | H28: batang | I28: 1 | J28: =J18 -> 800000 | K28: =I28*J28 -> 800000
B29: 2) | C29: Pole band 1/2 ; Ø 6,5" HDG | H29: buah | I29: 1 | J29: ='Harga Satuan Dasar mat'!G22 -> 95500 | K29: =I29*J29 -> 95500
B30: 3) | C30: Bolt & nut 5/8 x 50 + ring + 2 mur (galvanis) - M16 | H30: buah | I30: 7 | J30: =J20 -> 14000 | K30: =I30*J30 -> 98000
B31: 4) | C31: Besi Siku / Besi L 50mm x 50mm x 5mm Panjang 1270mm - HDG u/ Arm Tie | H31: buah | I31: 2 | J31: =J21 -> 283250 | K31: =I31*J31 -> 566500
B32: 5) | C32: Double Arm Fixing Collar / Arm Tie 2/2 tebal 6mm x lebar 42mm, Ø 6,5" | H32: buah | I32: 1 | J32: ='Harga Satuan Dasar mat'!G100 -> 184000 | K32: =I32*J32 -> 184000
H33: Jumlah | K33: =SUM(K28:K32) -> 1744000
H34: ROK | I34: =$K$3 -> 0.15 | K34: =I34*K33 -> 261600
H35: Total | K35: =SUM(K33:K34) -> 2005600
H36: Pembulatan | K36: =ROUND(K35,-1) -> 2005600
A37: 4 | B37: 1 Set | D37: Cross Arm Dudukan Cut Out di Gardu 1 tiang - Tiang Baja 12/200
B38: 1) | C38: Besi UNP 100 (100mm x 50mm x 5mm) Panjang 2000mm HDG | H38: batang | I38: 1 | J38: =J28 -> 800000 | K38: =I38*J38 -> 800000
B39: 2) | C39: Pole band 1/2 ; Ø 5,5" HDG | H39: buah | I39: 1 | J39: ='Harga Satuan Dasar mat'!G20 -> 85000 | K39: =I39*J39 -> 85000
B40: 3) | C40: Bolt & nut 5/8 x 50 + ring + 2 mur (galvanis) - M16 | H40: buah | I40: 7 | J40: =J30 -> 14000 | K40: =I40*J40 -> 98000
B41: 4) | C41: Besi Siku / Besi L 50mm x 50mm x 5mm Panjang 1270mm - HDG u/ Arm Tie | H41: buah | I41: 2 | J41: =J31 -> 283250 | K41: =I41*J41 -> 566500
B42: 5) | C42: Double Arm Fixing Collar / Arm Tie 2/2 tebal 6mm x lebar 42mm, Ø 5,5" | H42: buah | I42: 1 | J42: ='Harga Satuan Dasar mat'!G98 -> 164500 | K42: =I42*J42 -> 164500
H43: Jumlah | K43: =SUM(K38:K42) -> 1714000
H44: ROK | I44: =$K$3 -> 0.15 | K44: =I44*K43 -> 257100
H45: Total | K45: =SUM(K43:K44) -> 1971100
H46: Pembulatan | K46: =ROUND(K45,-1) -> 1971100
A47: 5 | B47: 1 Set | D47: Cross Arm Dudukan Cut Out di Gardu 2 Tiang - Tiang Beton 14/350, 13/350, 12/350 & 12/200
B48: 1) | C48: Besi UNP 100 (100mm x 50mm x 5mm) Panjang 2000mm HDG | H48: batang | I48: 1 | J48: =J38 -> 800000 | K48: =I48*J48 -> 800000
B49: 2) | C49: Pole band 1/2 ; Ø 8" HDG | H49: buah | I49: 2 | J49: =J9 -> 110000 | K49: =I49*J49 -> 220000
B50: 3) | C50: Bolt & nut 5/8 x 50 + ring + 2 mur (galvanis) - M16 | H50: buah | I50: 4 | J50: =J40 -> 14000 | K50: =I50*J50 -> 56000
H51: Jumlah | K51: =SUM(K48:K50) -> 1076000
H52: ROK | I52: =$K$3 -> 0.15 | K52: =I52*K51 -> 161400
H53: Total | K53: =SUM(K51:K52) -> 1237400
H54: Pembulatan | K54: =ROUND(K53,-1) -> 1237400
A55: 6 | B55: 1 Set | D55: Cross Arm Dudukan Cut Out di Gardu 2 Tiang - Tiang Baja 14/350
B56: 1) | C56: Besi UNP 100 (100mm x 50mm x 5mm) Panjang 2000mm HDG | H56: batang | I56: 1 | J56: =J48 -> 800000 | K56: =I56*J56 -> 800000
B57: 2) | C57: Pole band 1/2 ; Ø 8,5" HDG | H57: buah | I57: 2 | J57: =J19 -> 115000 | K57: =I57*J57 -> 230000
B58: 3) | C58: Bolt & nut 5/8 x 50 + ring + 2 mur (galvanis) - M16 | H58: buah | I58: 4 | J58: =J50 -> 14000 | K58: =I58*J58 -> 56000
H59: Jumlah | K59: =SUM(K56:K58) -> 1086000
H60: ROK | I60: =$K$3 -> 0.15 | K60: =I60*K59 -> 162900
H61: Total | K61: =SUM(K59:K60) -> 1248900
H62: Pembulatan | K62: =ROUND(K61,-1) -> 1248900
A63: 7 | B63: 1 Set | D63: Cross Arm Dudukan Cut Out di Gardu 2 Tiang - Tiang Baja 13/350 & Tiang Baja 12/350
B64: 1) | C64: Besi UNP 100 (100mm x 50mm x 5mm) Panjang 2000mm HDG | H64: batang | I64: 1 | J64: =J56 -> 800000 | K64: =I64*J64 -> 800000
B65: 2) | C65: Pole band 1/2 ; Ø 6,5" HDG | H65: buah | I65: 2 | J65: =J29 -> 95500 | K65: =I65*J65 -> 191000
B66: 3) | C66: Bolt & nut 5/8 x 50 + ring + 2 mur (galvanis) - M16 | H66: buah | I66: 4 | J66: =J58 -> 14000 | K66: =I66*J66 -> 56000
H67: Jumlah | K67: =SUM(K64:K66) -> 1047000
H68: ROK | I68: =$K$3 -> 0.15 | K68: =I68*K67 -> 157050
H69: Total | K69: =SUM(K67:K68) -> 1204050
H70: Pembulatan | K70: =ROUND(K69,-1) -> 1204050
A71: 8 | B71: 1 Set | D71: Cross Arm Dudukan Cut Out di Gardu 2 tiang - Tiang Baja 12/200
B72: 1) | C72: Besi UNP 100 (100mm x 50mm x 5mm) Panjang 2000mm HDG | H72: batang | I72: 1 | J72: =J64 -> 800000 | K72: =I72*J72 -> 800000
B73: 2) | C73: Pole band 1/2 ; Ø 5,5" HDG | H73: buah | I73: 2 | J73: =J39 -> 85000 | K73: =I73*J73 -> 170000
B74: 3) | C74: Bolt & nut 5/8 x 50 + ring + 2 mur (galvanis) - M16 | H74: buah | I74: 4 | J74: =J66 -> 14000 | K74: =I74*J74 -> 56000
H75: Jumlah | K75: =SUM(K72:K74) -> 1026000
H76: ROK | I76: =$K$3 -> 0.15 | K76: =I76*K75 -> 153900
H77: Total | K77: =SUM(K75:K76) -> 1179900
H78: Pembulatan | K78: =ROUND(K77,-1) -> 1179900
A79: 9 | B79: 1 Set | D79: Cross Arm Dudukan Arrester pada Gardu 1 Tiang (bawah dudukan Cut Out) - Tiang Beton 14/350, 13/350, 12/350 & 12/200
B80: 1) | C80: Besi UNP 100 (100mm x 50mm x 5mm) Panjang 2000mm HDG | H80: batang | I80: 1 | J80: ='Harga Satuan Dasar mat'!G147 -> 800000 | K80: =I80*J80 -> 800000
B81: 2) | C81: Pole band 1/2 ; Ø 8,5" HDG | H81: buah | I81: 1 | J81: =J19 -> 115000 | K81: =I81*J81 -> 115000
B82: 3) | C82: Bolt & nut 5/8 x 50 + ring + 2 mur (galvanis) - M16 | H82: buah | I82: 2 | J82: =J40 -> 14000 | K82: =I82*J82 -> 28000
H83: Jumlah | K83: =SUM(K80:K82) -> 943000
H84: ROK | I84: =$K$3 -> 0.15 | K84: =I84*K83 -> 141450
H85: Total | K85: =SUM(K83:K84) -> 1084450
H86: Pembulatan | K86: =ROUND(K85,-1) -> 1084450
A87: 10 | B87: 1 Set | D87: Cross Arm Dudukan Arrester pada Gardu 1 Tiang (bawah dudukan Cut Out) - Tiang Baja 14/350
B88: 1) | C88: Besi UNP 100 (100mm x 50mm x 5mm) Panjang 2000mm HDG | H88: batang | I88: 1 | J88: =J80 -> 800000 | K88: =I88*J88 -> 800000
B89: 2) | C89: Pole band 1/2 ; Ø 8,5" HDG | H89: buah | I89: 1 | J89: =J81 -> 115000 | K89: =I89*J89 -> 115000
B90: 3) | C90: Bolt & nut 5/8 x 50 + ring + 2 mur (galvanis) - M16 | H90: buah | I90: 2 | J90: =J82 -> 14000 | K90: =I90*J90 -> 28000
H91: Jumlah | K91: =SUM(K88:K90) -> 943000
H92: ROK | I92: =$K$3 -> 0.15 | K92: =I92*K91 -> 141450
H93: Total | K93: =SUM(K91:K92) -> 1084450
H94: Pembulatan | K94: =ROUND(K93,-1) -> 1084450
A95: 11 | B95: 1 Set | D95: Cross Arm Dudukan Arrester pada Gardu 1 Tiang (bawah dudukan Cut Out) - Tiang Baja 13/350, Tiang Baja 12/350
B96: 1) | C96: Besi UNP 100 (100mm x 50mm x 5mm) Panjang 2000mm HDG | H96: batang | I96: 1 | J96: =J88 -> 800000 | K96: =I96*J96 -> 800000
B97: 2) | C97: Pole band 1/2 ; Ø 6,5" HDG | H97: buah | I97: 1 | J97: =J29 -> 95500 | K97: =I97*J97 -> 95500
B98: 3) | C98: Bolt & nut 5/8 x 50 + ring + 2 mur (galvanis) - M16 | H98: buah | I98: 2 | J98: =J90 -> 14000 | K98: =I98*J98 -> 28000
H99: Jumlah | K99: =SUM(K96:K98) -> 923500
H100: ROK | I100: =$K$3 -> 0.15 | K100: =I100*K99 -> 138525
H101: Total | K101: =SUM(K99:K100) -> 1062025
...

Sheet D6 SKUTR
A1: ANALISA HARGA SATUAN MATERIAL KONSTRUKSI
A2: SALURAN KABEL UDARA TEGANGAN RENDAH (SKUTR)
J3: ROK | K3: 0.15
A4: No | B4: Uraian | H4: Satuan | I4: Volume | J4: Harga (Rp)
J5: Dasar | K5: Harga Satuan
A7: 1 | B7: 1 Set | D7: Suspension Assembly JTR LVTC
B8: 1) | C8: Suspension Bracket | H8: buah | I8: 1 | J8: ='Harga Satuan Dasar mat'!G724 -> 31500 | K8: =I8*J8 -> 31500
B9: 2) | C9: Suspension Clamp | H9: buah | I9: 1 | J9: ='Harga Satuan Dasar mat'!G559 -> 55000 | K9: =I9*J9 -> 55000
B10: 3) | C10: Stainless Steel Strip 20 x 0,7 mm | H10: meter | I10: 1.2 | J10: ='Harga Satuan Dasar mat'!G731 -> 14700 | K10: =I10*J10 -> 17640
B11: 4) | C11: Stopping buckle | H11: buah | I11: 2 | J11: ='Harga Satuan Dasar mat'!G732 -> 3960 | K11: =I11*J11 -> 7920
B12: 5) | C12: Plastic strap | H12: buah | I12: 3 | J12: ='Harga Satuan Dasar mat'!G735 -> 3150 | K12: =I12*J12 -> 9450
H13: Jumlah | K13: =SUM(K8:K12) -> 121510
H14: ROK | I14: =$K$3 -> 0.15 | K14: =I14*K13 -> 18226.5
H15: Total | K15: =SUM(K13:K14) -> 139736.5
H16: Pembulatan | K16: =ROUND(K15,-1) -> 139740
A17: 2 | B17: 1 Set | D17: Large Angle Assembly JTR LVTC
B18: 1) | C18: Tension Bracket | H18: buah | I18: 1 | J18: ='Harga Satuan Dasar mat'!G725 -> 30900 | K18: =I18*J18 -> 30900
B19: 2) | C19: Strain Clamp | H19: buah | I19: 1 | J19: ='Harga Satuan Dasar mat'!G563 -> 75000 | K19: =I19*J19 -> 75000
B20: 3) | C20: Stainless Steel Strip 20 x 0,7 mm | H20: meter | I20: 1.2 | J20: =J10 -> 14700 | K20: =I20*J20 -> 17640
B21: 4) | C21: Stopping buckle | H21: buah | I21: 2 | J21: =J11 -> 3960 | K21: =I21*J21 -> 7920
B22: 5) | C22: Plastic strap | H22: buah | I22: 2 | J22: =J12 -> 3150 | K22: =I22*J22 -> 6300
H23: Jumlah | K23: =SUM(K18:K22) -> 137760
H24: ROK | I24: =$K$3 -> 0.15 | K24: =I24*K23 -> 20664
H25: Total | K25: =SUM(K23:K24) -> 158424
H26: Pembulatan | K26: =ROUND(K25,-1) -> 158420
A27: 3 | B27: 1 Set | D27: Fixed Dead End Assembly JTR LVTC
B28: 1) | C28: Tension Bracket | H28: buah | I28: 1 | J28: =J18 -> 30900 | K28: =I28*J28 -> 30900
B29: 2) | C29: Strain Clamp | H29: buah | I29: 1 | J29: =J19 -> 75000 | K29: =I29*J29 -> 75000
B30: 3) | C30: Stainless Steel Strip 20 x 0,7 mm | H30: meter | I30: 1.2 | J30: =J20 -> 14700 | K30: =I30*J30 -> 17640
B31: 4) | C31: Stopping buckle | H31: buah | I31: 2 | J31: =J21 -> 3960 | K31: =I31*J31 -> 7920
B32: 5) | C32: Plastic strap | H32: buah | I32: 3 | J32: =J22 -> 3150 | K32: =I32*J32 -> 9450
H33: Jumlah | K33: =SUM(K28:K32) -> 140910
H34: ROK | I34: =$K$3 -> 0.15 | K34: =I34*K33 -> 21136.5
H35: Total | K35: =SUM(K33:K34) -> 162046.5
H36: Pembulatan | K36: =ROUND(K35,-1) -> 162050
A37: 4 | B37: 1 Set | D37: Adjustable Dead End Assembly JTR LVTC
B38: 1) | C38: Tension Bracket | H38: buah | I38: 1 | J38: =J28 -> 30900 | K38: =I38*J38 -> 30900
B39: 2) | C39: Strain Clamp | H39: buah | I39: 1 | J39: =J29 -> 75000 | K39: =I39*J39 -> 75000
B40: 3) | C40: Stainless Steel Strip 20 x 0,7 mm | H40: meter | I40: 1.2 | J40: =J30 -> 14700 | K40: =I40*J40 -> 17640
B41: 4) | C41: Stopping buckle | H41: buah | I41: 2 | J41: =J31 -> 3960 | K41: =I41*J41 -> 7920
B42: 5) | C42: Plastic strap | H42: buah | I42: 2 | J42: =J32 -> 3150 | K42: =I42*J42 -> 6300
B43: 6) | C43: Turn Buckle / Span Scroef 17 kN | H43: buah | I43: 1 | J43: ='Harga Satuan Dasar mat'!G389 -> 100000 | K43: =I43*J43 -> 100000
H44: Jumlah | K44: =SUM(K38:K43) -> 237760
H45: ROK | I45: =$K$3 -> 0.15 | K45: =I45*K44 -> 35664
H46: Total | K46: =SUM(K44:K45) -> 273424
H47: Pembulatan | K47: =ROUND(K46,-1) -> 273420
A48: 5 | B48: 1 Set | D48: Bundle End Protection Assembly JTR LVTC
B49: a) | C49: Pipa PVC 2" 50 cm | H49: buah | I49: 1 | J49: ='Harga Satuan Dasar mat'!G746 -> 17200 | K49: =I49*J49 -> 17200
B50: b) | C50: Stainless Steel Strip 20 x 0,7 mm | H50: meter | I50: 1.8 | J50: =J40 -> 14700 | K50: =I50*J50 -> 26460
B51: c) | C51: Stopping buckle | H51: buah | I51: 2 | J51: =J41 -> 3960 | K51: =I51*J51 -> 7920
B52: d) | C52: Link | H52: buah | I52: 2 | J52: ='Harga Satuan Dasar mat'!G733 -> 3650 | K52: =I52*J52 -> 7300
B53: e) | C53: End cap | H53: buah | I53: 4 | J53: ='Harga Satuan Dasar mat'!G743 -> 3350 | K53: =I53*J53 -> 13400
H54: Jumlah | K54: =SUM(K49:K53) -> 72280
H55: ROK | I55: =$K$3 -> 0.15 | K55: =I55*K54 -> 10842
H56: Total | K56: =SUM(K54:K55) -> 83122
H57: Pembulatan | K57: =ROUND(K56,-1) -> 83120
A58: 6 | B58: 1 Set | D58: Sistim Kumisan Kabel NFA2X-T 3x35+1x35 mm²
B59: a) | C59: Kabel NFA2X-T 3x35+1x35 mm² | H59: meter | I59: 2 | J59: PLN
B60: b) | C60: CCO 35 - 35 mm² + Cover | H60: buah | I60: 4 | J60: ='Harga Satuan Dasar mat'!G603 -> 19144 | K60: =I60*J60 -> 76576
B61: c) | C61: Heatshrink ujung kabel kumis 50mm x 4 warna | H61: buah | I61: 4 | J61: ='Harga Satuan Dasar mat'!G754 -> 25750 | K61: =I61*J61 -> 103000
H62: Jumlah | K62: =SUM(K59:K61) -> 179576
H63: ROK | I63: =$K$3 -> 0.15 | K63: =I63*K62 -> 26936.4
H64: Total | K64: =SUM(K62:K63) -> 206512.4
H65: Pembulatan | K65: =ROUND(K64,-1) -> 206510
A66: 7 | B66: 1 Set | D66: Sistim Kumisan Kabel NFA2X-T 3x50+1x50 mm²
B67: a) | C67: Kabel NFA2X-T 3x50+1x50 mm² | H67: meter | I67: 2 | J67: PLN
B68: b) | C68: CCO 50 - 50 mm² + Cover | H68: buah | I68: 4 | J68: ='Harga Satuan Dasar mat'!G604 -> 19298 | K68: =I68*J68 -> 77192
B69: c) | C69: Heatshrink ujung kabel kumis 50mm x 4 warna | H69: buah | I69: 4 | J69: =J61 -> 25750 | K69: =I69*J69 -> 103000
H70: Jumlah | K70: =SUM(K67:K69) -> 180192
H71: ROK | I71: =$K$3 -> 0.15 | K71: =I71*K70 -> 27028.8
H72: Total | K72: =SUM(K70:K71) -> 207220.8
H73: Pembulatan | K73: =ROUND(K72,-1) -> 207220
A74: 8 | B74: 1 Set | D74: Sistim Kumisan Kabel NFA2X-T 3x70+1x70 mm²
B75: a) | C75: Kabel NFA2X-T 3x70+1x70 mm² | H75: meter | I75: 2 | J75: PLN
B76: b) | C76: CCO 70 - 70 mm² + Cover | H76: buah | I76: 4 | J76: ='Harga Satuan Dasar mat'!G605 -> 22200 | K76: =I76*J76 -> 88800
B77: c) | C77: Heatshrink ujung kabel kumis 50mm x 4 warna | H77: buah | I77: 4 | J77: =J69 -> 25750 | K77: =I77*J77 -> 103000
H78: Jumlah | K78: =SUM(K75:K77) -> 191800
H79: ROK | I79: =$K$3 -> 0.15 | K79: =I79*K78 -> 28770
H80: Total | K80: =SUM(K78:K79) -> 220570
H81: Pembulatan | K81: =ROUND(K80,-1) -> 220570

Sheet D7 SKTR
A1: ANALISA HARGA SATUAN MATERIAL KONSTRUKSI
A2: SALURAN KABEL TANAH TEGANGAN RENDAH (SKTR)
J3: ROK | K3: 0.15
A4: No | B4: Uraian | H4: Satuan | I4: Volume | J4: Harga (Rp)
J5: Dasar | K5: Harga Satuan
A7: 1 | B7: 1 Set | D7: Pelindung Kabel Tanah TR
B8: 1) | C8: Concrete slabs 450x150x40 mm | H8: buah | I8: 1 | J8: ='Harga Satuan Dasar mat'!G742 -> 94700 | K8: =I8*J8 -> 94700
B9: 2) | C9: Bata pelindung kabel (Bata merah) | H9: buah | I9: 5 | J9: ='Harga Satuan Dasar mat'!G766 -> 10750 | K9: =I9*J9 -> 53750
H10: Jumlah | K10: =SUM(K8:K9) -> 148450
H11: ROK | I11: =K3 -> 0.15 | K11: =I11*K10 -> 22267.5
H12: Total | K12: =SUM(K10:K11) -> 170717.5
H13: Pembulatan | K13: =ROUND(K12,-1) -> 170720
A14: 2 | B14: 1 Set | D14: Rangka dudukan PHB SKTR
B15: 1) | C15: Besi UNP 100 (100mm x 50mm x 5,0mm) ; HDG 1000mm | H15: batang | I15: 2 | J15: ='Harga Satuan Dasar mat'!G151 -> 400000 | K15: =I15*J15 -> 800000
B16: 2) | C16: Pipa Besi Galvanised diameter 4,0" tebal minimal 2,5mm 1000mm | H16: batang | I16: 3 | J16: ='Harga Satuan Dasar mat'!G328 -> 333000 | K16: =I16*J16 -> 999000
B17: 3) | C17: Bolt & Nut M16 x 120mm | H17: buah | I17: 4 | J17: ='Harga Satuan Dasar mat'!G249 -> 25000 | K17: =I17*J17 -> 100000
B18: 4) | C18: Dyna Bolt 8x85 mm | H18: buah | I18: 4 | J18: ='Harga Satuan Dasar mat'!G744 -> 18700 | K18: =I18*J18 -> 74800
H19: Jumlah | K19: =SUM(K15:K18) -> 1973800
H20: ROK | I20: =I11 -> 0.15 | K20: =I20*K19 -> 296070
H21: Total | K21: =SUM(K19:K20) -> 2269870
H22: Pembulatan | K22: =ROUND(K21,-1) -> 2269870
A23: 3 | B23: 1 M³ | D23: Beton Cor Pondasi
B24: 1) | C24: Semen (PC) | H24: Zak | I24: 8.3 | J24: ='Harga Satuan Dasar mat'!G760 -> 51500 | K24: =I24*J24 -> 427450
B25: 2) | C25: Kerikil Beton | H25: m³ | I25: 0.83 | J25: ='Harga Satuan Dasar mat'!G761 -> 595000 | K25: =I25*J25 -> 493850
B26: 3) | C26: Pasir Pasangan | H26: m³ | I26: 0.54 | J26: ='Harga Satuan Dasar mat'!G764 -> 445500 | K26: =I26*J26 -> 240570
H27: Jumlah | K27: =SUM(K24:K26) -> 1161870
B28: 1 Buah | D28: Beton Pondasi PHB SKTR | H28: m³ | I28: =(90*40*90)/1000000 -> 0.324 | J28: =K27 -> 1161870 | K28: =I28*J28 -> 376445.88
D29: (90cmx40cmx90cm) | H29: ROK | I29: =I20 -> 0.15 | K29: =K28*I29 -> 56466.882
H30: Total | K30: =K28+K29 -> 432912.76
H31: Pembulatan | K31: =ROUND(K30,-1) -> 432910

Sheet D8 SRAPP
A1: ANALISA HARGA SATUAN MATERIAL KONSTRUKSI
A2: SAMBUNGAN RUMAH DAN ALAT PEMBATAS & PENGUKUR
J3: ROK | K3: 0.15
A4: No | B4: Uraian | H4: Satuan | I4: Volume | J4: Harga (Rp)
J5: Dasar | K5: Harga Satuan
A7: 1 | B7: 1 Set | D7: Sambungan Rumah (SR) 1 Phasa melalui saluran udara pada tiang beton 9/200
B8: 1) | C8: Double Arm Fixing Collar 2/2 ; diameter 6" | H8: buah | I8: 1 | J8: ='Harga Satuan Dasar mat'!G99 -> 174250 | K8: =I8*J8 -> 174250
B9: 2) | C9: Service Wedge Clamp 2x6mm - 2x16mm | H9: buah | I9: 1 | J9: ='Harga Satuan Dasar mat'!G734 -> 5700 | K9: =I9*J9 -> 5700
B10: 3) | C10: Stainless Steel Strip | H10: meter | I10: 1 | J10: ='Harga Satuan Dasar mat'!G731 -> 14700 | K10: =I10*J10 -> 14700
B11: 4) | C11: Stoping Buckle | H11: buah | I11: 1 | J11: ='Harga Satuan Dasar mat'!G732 -> 3960 | K11: =I11*J11 -> 3960
B12: 5) | C12: Link 25 x 25 | H12: buah | I12: 1 | J12: ='Harga Satuan Dasar mat'!G733 -> 3650 | K12: =I12*J12 -> 3650
B13: 6) | C13: CCO 10/35-70 mm + Cover | H13: buah | I13: 2 | J13: ='Harga Satuan Dasar mat'!G601 -> 19500 | K13: =I13*J13 -> 39000
H14: Jumlah | K14: =SUM(K8:K13) -> 241260
H15: ROK | I15: =K3 -> 0.15 | K15: =I15*K14 -> 36189
H16: Total | K16: =SUM(K14:K15) -> 277449
H17: Pembulatan | K17: =ROUND(K16,-1) -> 277450
A18: 2 | B18: 1 Set | D18: Sambungan Rumah (SR) 1 Phasa melalui saluran udara pada tiang baja 11/200 & Tiang baja 9/200
B19: 1) | C19: Double Arm Fixing Collar 2/2 ; diameter 4,5" | H19: buah | I19: 1 | J19: ='Harga Satuan Dasar mat'!G96 -> 145500 | K19: =I19*J19 -> 145500
B20: 2) | C20: Service Wedge Clamp 2x6mm - 2x16mm | H20: buah | I20: 1 | J20: ='Harga Satuan Dasar mat'!G734 -> 5700 | K20: =I20*J20 -> 5700
B21: 3) | C21: Stainless Steel Strip | H21: meter | I21: 0.8 | J21: ='Harga Satuan Dasar mat'!G731 -> 14700 | K21: =I21*J21 -> 11760
B22: 4) | C22: Stoping Buckle | H22: buah | I22: 1 | J22: ='Harga Satuan Dasar mat'!G732 -> 3960 | K22: =I22*J22 -> 3960
B23: 5) | C23: Link 25 x 25 | H23: buah | I23: 1 | J23: ='Harga Satuan Dasar mat'!G733 -> 3650 | K23: =I23*J23 -> 3650
B24: 6) | C24: CCO 10/35-70 mm + Cover | H24: buah | I24: 2 | J24: ='Harga Satuan Dasar mat'!G601 -> 19500 | K24: =I24*J24 -> 39000
H25: Jumlah | K25: =SUM(K19:K24) -> 209570
H26: ROK | I26: =K3 -> 0.15 | K26: =I26*K25 -> 31435.5
H27: Total | K27: =SUM(K25:K26) -> 241005.5
H28: Pembulatan | K28: =ROUND(K27,-1) -> 241010
A29: 3 | B29: 1 Set | D29: Sambungan Rumah (SR) 1 Phasa melalui saluran udara pada tiang baja 9/100
B30: 1) | C30: Double Arm Fixing Collar 2/2 ; diameter 4" | H30: buah | I30: 1 | J30: ='Harga Satuan Dasar mat'!G95 -> 136000 | K30: =I30*J30 -> 136000
B31: 2) | C31: Service Wedge Clamp 2x6mm - 2x16mm | H31: buah | I31: 1 | J31: =J20 -> 5700 | K31: =I31*J31 -> 5700
B32: 3) | C32: Stainless Steel Strip | H32: meter | I32: 0.7 | J32: =J21 -> 14700 | K32: =I32*J32 -> 10290
B33: 4) | C33: Stoping Buckle | H33: buah | I33: 1 | J33: =J22 -> 3960 | K33: =I33*J33 -> 3960
B34: 5) | C34: Link 25 x 25 | H34: buah | I34: 1 | J34: =J23 -> 3650 | K34: =I34*J34 -> 3650
B35: 6) | C35: CCO 10/35-70 mm + Cover | H35: buah | I35: 2 | J35: =J24 -> 19500 | K35: =I35*J35 -> 39000
H36: Jumlah | K36: =SUM(K30:K35) -> 198600
H37: ROK | I37: =I26 -> 0.15 | K37: =I37*K36 -> 29790
H38: Total | K38: =SUM(K36:K37) -> 228390
H39: Pembulatan | K39: =ROUND(K38,-1) -> 228390
A40: 4 | B40: 1 Set | D40: Sambungan Rumah (SR) 3 Phasa melalui saluran udara pada tiang beton 9/200
B41: 1) | C41: Double Arm Fixing Collar 2/2 ; diameter 6" | H41: buah | I41: 1 | J41: =J8 -> 174250 | K41: =I41*J41 -> 174250
B42: 2) | C42: Service Wedge Clamp 2x6mm - 2x16mm | H42: buah | I42: 2 | J42: =J9 -> 5700 | K42: =I42*J42 -> 11400
B43: 3) | C43: Stainless Steel Strip | H43: meter | I43: 1 | J43: =J10 -> 14700 | K43: =I43*J43 -> 14700
B44: 4) | C44: Stoping Buckle | H44: buah | I44: 1 | J44: =J11 -> 3960 | K44: =I44*J44 -> 3960
B45: 5) | C45: Link 25 x 25 | H45: buah | I45: 1 | J45: =J12 -> 3650 | K45: =I45*J45 -> 3650
B46: 6) | C46: CCO 10/35-70 mm + Cover | H46: buah | I46: 4 | J46: =J13 -> 19500 | K46: =I46*J46 -> 78000
H47: Jumlah | K47: =SUM(K41:K46) -> 285960
H48: ROK | I48: =I26 -> 0.15 | K48: =I48*K47 -> 42894
H49: Total | K49: =SUM(K47:K48) -> 328854
H50: Pembulatan | K50: =ROUND(K49,-1) -> 328850
A51: 5 | B51: 1 Set | D51: Sambungan Rumah (SR) 3 Phasa melalui saluran udara pada tiang baja 11/200 & Tiang baja 9/200
B52: 1) | C52: Double Arm Fixing Collar 2/2 ; diameter 4,5" | H52: buah | I52: 1 | J52: =J19 -> 145500 | K52: =I52*J52 -> 145500
B53: 2) | C53: Service Wedge Clamp 2x6mm - 2x16mm | H53: buah | I53: 2 | J53: =J20 -> 5700 | K53: =I53*J53 -> 11400
B54: 3) | C54: Stainless Steel Strip | H54: meter | I54: 0.8 | J54: =J21 -> 14700 | K54: =I54*J54 -> 11760
B55: 4) | C55: Stoping Buckle | H55: buah | I55: 1 | J55: =J22 -> 3960 | K55: =I55*J55 -> 3960
B56: 5) | C56: Link 25 x 25 | H56: buah | I56: 1 | J56: =J23 -> 3650 | K56: =I56*J56 -> 3650
B57: 6) | C57: CCO 10/35-70 mm + Cover | H57: buah | I57: 4 | J57: =J24 -> 19500 | K57: =I57*J57 -> 78000
H58: Jumlah | K58: =SUM(K52:K57) -> 254270
H59: ROK | I59: =I37 -> 0.15 | K59: =I59*K58 -> 38140.5
H60: Total | K60: =SUM(K58:K59) -> 292410.5
H61: Pembulatan | K61: =ROUND(K60,-1) -> 292410
A62: 6 | B62: 1 Set | D62: Sambungan Rumah (SR) 3 Phasa melalui saluran udara pada tiang baja 9/100
B63: 1) | C63: Double Arm Fixing Collar 2/2 ; diameter 4" | H63: buah | I63: 1 | J63: =J30 -> 136000 | K63: =I63*J63 -> 136000
B64: 2) | C64: Service Wedge Clamp 2x6mm - 2x16mm | H64: buah | I64: 2 | J64: =J31 -> 5700 | K64: =I64*J64 -> 11400
B65: 3) | C65: Stainless Steel Strip | H65: meter | I65: 0.7 | J65: =J32 -> 14700 | K65: =I65*J65 -> 10290
B66: 4) | C66: Stoping Buckle | H66: buah | I66: 1 | J66: =J33 -> 3960 | K66: =I66*J66 -> 3960
B67: 5) | C67: Link 25 x 25 | H67: buah | I67: 1 | J67: =J34 -> 3650 | K67: =I67*J67 -> 3650
B68: 6) | C68: CCO 10/35-70 mm + Cover | H68: buah | I68: 4 | J68: =J35 -> 19500 | K68: =I68*J68 -> 78000
H69: Jumlah | K69: =SUM(K63:K68) -> 243300
H70: ROK | I70: =I59 -> 0.15 | K70: =I70*K69 -> 36495
H71: Total | K71: =SUM(K69:K70) -> 279795
H72: Pembulatan | K72: =ROUND(K71,-1) -> 279800
A73: 7 | B73: 1 Set | D73: Rangka Dudukan APP - Pasang di tiang beton 14/350
B74: 1) | C74: Besi UNP 80 (80mm x 44mm x 3,5mm) ; HDG 500mm | H74: buah | I74: 2 | J74: ='Harga Satuan Dasar mat'!G173 -> 164700 | K74: =I74*J74 -> 329400
B75: 2) | C75: Pole Band 1/2 (Clamp Begel U) ; tebal 6mm x lebar 42mm ; HDG Ø 13" | H75: buah | I75: 2 | J75: ='Harga Satuan Dasar mat'!G35 -> 157500 | K75: =I75*J75 -> 315000
B76: 3) | C76: Bracket Clamp Box APP | H76: buah | I76: 4 | J76: ='Harga Satuan Dasar mat'!G784 -> 535000 | K76: =I76*J76 -> 2140000
B77: 4) | C77: Bolt Double Nut + Washer M12x300 mm | H77: buah | I77: 4 | J77: ='Harga Satuan Dasar mat'!G270 -> 74750 | K77: =I77*J77 -> 299000
H78: Jumlah | K78: =SUM(K74:K77) -> 3083400
H79: ROK | I79: =I70 -> 0.15 | K79: =I79*K78 -> 462510
H80: Total | K80: =SUM(K78:K79) -> 3545910
H81: Pembulatan | K81: =ROUND(K80,-1) -> 3545910
A82: 8 | B82: 1 Set | D82: Rangka Dudukan APP - Pasang di tiang beton 13/350
B83: 1) | C83: Besi UNP 80 (80mm x 44mm x 3,5mm) ; HDG 500mm | H83: buah | I83: 2 | J83: =J74 -> 164700 | K83: =I83*J83 -> 329400
B84: 2) | C84: Pole Band 1/2 (Clamp Begel U) ; tebal 6mm x lebar 42mm ; HDG Ø 12,5" | H84: buah | I84: 2 | J84: ='Harga Satuan Dasar mat'!G34 -> 152000 | K84: =I84*J84 -> 304000
B85: 3) | C85: Bracket Clamp Box APP | H85: buah | I85: 4 | J85: =J76 -> 535000 | K85: =I85*J85 -> 2140000
B86: 4) | C86: Bolt Double Nut + Washer M12x300 mm | H86: buah | I86: 4 | J86: =J77 -> 74750 | K86: =I86*J86 -> 299000
H87: Jumlah | K87: =SUM(K83:K86) -> 3072400
H88: ROK | I88: =I79 -> 0.15 | K88: =I88*K87 -> 460860
H89: Total | K89: =SUM(K87:K88) -> 3533260
H90: Pembulatan | K90: =ROUND(K89,-1) -> 3533260
A91: 9 | B91: 1 Set | D91: Rangka Dudukan APP - Pasang di tiang beton 12/350 & tiang beton 12/200
B92: 1) | C92: Besi UNP 80 (80mm x 44mm x 3,5mm) ; HDG 500mm | H92: buah | I92: 2 | J92: =J83 -> 164700 | K92: =I92*J92 -> 329400
B93: 2) | C93: Pole Band 1/2 (Clamp Begel U) ; tebal 6mm x lebar 42mm ; HDG Ø 12" | H93: buah | I93: 2 | J93: ='Harga Satuan Dasar mat'!G33 -> 147500 | K93: =I93*J93 -> 295000
B94: 3) | C94: Bracket Clamp Box APP | H94: buah | I94: 4 | J94: =J85 -> 535000 | K94: =I94*J94 -> 2140000
B95: 4) | C95: Bolt Double Nut + Washer M12x300 mm | H95: buah | I95: 4 | J95: =J86 -> 74750 | K95: =I95*J95 -> 299000
H96: Jumlah | K96: =SUM(K92:K95) -> 3063400
H97: ROK | I97: =I88 -> 0.15 | K97: =I97*K96 -> 459510
H98: Total | K98: =SUM(K96:K97) -> 3522910
H99: Pembulatan | K99: =ROUND(K98,-1) -> 3522910
A100: 10 | B100: 1 Set | D100: Rangka Dudukan APP - Pasang di tiang beton 9/200
B101: 1) | C101: Besi UNP 80 (80mm x 44mm x 3,5mm) ; HDG 500mm | H101: buah | I101: 2 | J101: ='Harga Satuan Dasar mat'!G173 -> 164700 | K101: =I101*J101 -> 329400
...

Sheet D9 Arde
A1: ANALISA HARGA SATUAN MATERIAL KONSTRUKSI
A2: PENTANAHAN (GROUNDING)
J3: ROK | K3: 0.15
A4: No | B4: Uraian | H4: Satuan | I4: Volume | J4: Harga (Rp)
J5: Dasar | K5: Harga Satuan
A7: 1 | B7: 1 Set | D7: Arde Arrester JTM dengan BC, Tiang Beton 14/350
B8: 1) | C8: Grounding Rod diameter 16 mm (5/8") L = 2000 mm | H8: batang | I8: 1 | J8: ='Harga Satuan Dasar mat'!G465 -> 258000 | K8: =I8*J8 -> 258000
B9: 2) | C9: BC 50 mm² CU | H9: meter | I9: 14 | J9: ='Harga Satuan Dasar mat'!G471 -> 110000 | K9: =I9*J9 -> 1540000
B10: 3) | C10: Pipa Galvanise Diameter 1/2" Panjang = 4 meter | H10: batang | I10: 1 | J10: ='Harga Satuan Dasar mat'!G278 -> 105000 | K10: =I10*J10 -> 105000
B11: 4) | C11: Stainless Steel Strip 20 x 0,7 mm u/ 5 titik | H11: meter | I11: 4 | J11: ='Harga Satuan Dasar mat'!G731 -> 14700 | K11: =I11*J11 -> 58800
B12: 5) | C12: Connector CU - CU 50mm2 / Clamp Grounding | H12: buah | I12: 1 | J12: ='Harga Satuan Dasar mat'!G759 -> 56500 | K12: =I12*J12 -> 56500
B13: 6) | C13: Stoping buckle | H13: buah | I13: 5 | J13: ='Harga Satuan Dasar mat'!G732 -> 3960 | K13: =I13*J13 -> 19800
B14: 7) | C14: Link 25 x 25 | H14: buah | I14: 5 | J14: ='Harga Satuan Dasar mat'!G733 -> 3650 | K14: =I14*J14 -> 18250
B15: 8) | C15: Joint sleeve tension 50 mm² | H15: buah | I15: 1 | J15: ='Harga Satuan Dasar mat'!G629 -> 44500 | K15: =I15*J15 -> 44500
H16: Jumlah | K16: =SUM(K8:K15) -> 2100850
H17: ROK | I17: =K3 -> 0.15 | K17: =I17*K16 -> 315127.5
H18: Total | K18: =SUM(K16:K17) -> 2415977.5
H19: Pembulatan | K19: =ROUND(K18,-1) -> 2415980
A20: 2 | B20: 1 Set | D20: Arde Arrester JTM dengan BC, Tiang Beton 13/350
B21: 1) | C21: Grounding Rod diameter 16 mm(5/8") L = 2000 mm | H21: batang | I21: 1 | J21: =J8 -> 258000 | K21: =I21*J21 -> 258000
B22: 2) | C22: BC 50 mm² CU | H22: meter | I22: 13 | J22: =J9 -> 110000 | K22: =I22*J22 -> 1430000
B23: 3) | C23: Pipa Galvanise Diameter 1/2" Panjang = 4 meter | H23: batang | I23: 1 | J23: =J10 -> 105000 | K23: =I23*J23 -> 105000
B24: 4) | C24: Stainless Steel Strip 20 x 0,7 mm u/ 5 titik | H24: meter | I24: 4 | J24: =J11 -> 14700 | K24: =I24*J24 -> 58800
B25: 5) | C25: Connector CU - CU 50mm² / Clamp Grounding | H25: buah | I25: 1 | J25: =J12 -> 56500 | K25: =I25*J25 -> 56500
B26: 6) | C26: Stoping buckle | H26: buah | I26: 5 | J26: =J13 -> 3960 | K26: =I26*J26 -> 19800
B27: 7) | C27: Link 25 x 25 | H27: buah | I27: 5 | J27: =J14 -> 3650 | K27: =I27*J27 -> 18250
B28: 8) | C28: Joint sleeve tension 50 mm² | H28: buah | I28: 1 | J28: =J15 -> 44500 | K28: =I28*J28 -> 44500
H29: Jumlah | K29: =SUM(K21:K28) -> 1990850
H30: ROK | I30: =I17 -> 0.15 | K30: =I30*K29 -> 298627.5
H31: Total | K31: =SUM(K29:K30) -> 2289477.5
H32: Pembulatan | K32: =ROUND(K31,-1) -> 2289480
A33: 3 | B33: 1 Set | D33: Arde Arrester JTM dengan BC, Tiang Beton 12/350 & Tiang Beton 12/200
B34: 1) | C34: Grounding Rod diameter 16 mm(5/8") L = 2000 mm | H34: batang | I34: 1 | J34: =J21 -> 258000 | K34: =I34*J34 -> 258000
B35: 2) | C35: BC 50 mm² CU | H35: meter | I35: 12.5 | J35: =J22 -> 110000 | K35: =I35*J35 -> 1375000
B36: 3) | C36: Pipa Galvanise Diameter 1/2" Panjang = 4 meter | H36: batang | I36: 1 | J36: =J23 -> 105000 | K36: =I36*J36 -> 105000
B37: 4) | C37: Stainless Steel Strip 20 x 0,7 mm u/ 5 titik | H37: meter | I37: 4 | J37: =J24 -> 14700 | K37: =I37*J37 -> 58800
B38: 5) | C38: Connector CU - CU 50mm2 / Clamp Grounding | H38: buah | I38: 1 | J38: =J25 -> 56500 | K38: =I38*J38 -> 56500
B39: 6) | C39: Stoping buckle | H39: buah | I39: 5 | J39: =J26 -> 3960 | K39: =I39*J39 -> 19800
B40: 7) | C40: Link 25 x 25 | H40: buah | I40: 5 | J40: =J27 -> 3650 | K40: =I40*J40 -> 18250
B41: 8) | C41: Joint sleeve tension 50 mm² | H41: buah | I41: 1 | J41: =J28 -> 44500 | K41: =I41*J41 -> 44500
H42: Jumlah | K42: =SUM(K34:K41) -> 1935850
H43: ROK | I43: =I30 -> 0.15 | K43: =I43*K42 -> 290377.5
H44: Total | K44: =SUM(K42:K43) -> 2226227.5
H45: Pembulatan | K45: =ROUND(K44,-1) -> 2226230
A46: 4 | B46: 1 Set | D46: Arde Arrester JTM dengan BC, Tiang Baja 14/350
B47: 1) | C47: Grounding Rod diameter 16 mm(5/8") L = 2000 mm | H47: batang | I47: 1 | J47: =J34 -> 258000 | K47: =I47*J47 -> 258000
B48: 2) | C48: BC 50 mm² CU | H48: meter | I48: 14 | J48: ='Harga Satuan Dasar mat'!G471 -> 110000 | K48: =I48*J48 -> 1540000
B49: 3) | C49: Pipa Galvanise Diameter 1/2" Panjang = 4 meter | H49: batang | I49: 1 | J49: ='Harga Satuan Dasar mat'!G278 -> 105000 | K49: =I49*J49 -> 105000
B50: 4) | C50: Stainless Steel Strip 20 x 0,7 mm u/ 5 titik | H50: meter | I50: 4 | J50: =J37 -> 14700 | K50: =I50*J50 -> 58800
B51: 5) | C51: Connector CU - CU 50mm2 / Clamp Grounding | H51: buah | I51: 1 | J51: =J38 -> 56500 | K51: =I51*J51 -> 56500
B52: 6) | C52: Stoping buckle | H52: buah | I52: 5 | J52: =J39 -> 3960 | K52: =I52*J52 -> 19800
B53: 7) | C53: Link 25 x 25 | H53: buah | I53: 5 | J53: =J40 -> 3650 | K53: =I53*J53 -> 18250
B54: 8) | C54: Joint sleeve tension 50 mm² | H54: buah | I54: 1 | J54: =J41 -> 44500 | K54: =I54*J54 -> 44500
H55: Jumlah | K55: =SUM(K47:K54) -> 2100850
H56: ROK | I56: =I43 -> 0.15 | K56: =I56*K55 -> 315127.5
H57: Total | K57: =SUM(K55:K56) -> 2415977.5
H58: Pembulatan | K58: =ROUND(K57,-1) -> 2415980
A59: 5 | B59: 1 Set | D59: Arde Arrester JTM dengan BC, Tiang Baja 13/350
B60: 1) | C60: Grounding Rod diameter 16 mm(5/8") L = 2000 mm | H60: batang | I60: 1 | J60: =J47 -> 258000 | K60: =I60*J60 -> 258000
B61: 2) | C61: BC 50 mm² CU | H61: meter | I61: 13 | J61: =J48 -> 110000 | K61: =I61*J61 -> 1430000
B62: 3) | C62: Pipa Galvanise Diameter 1/2" Panjang = 4 meter | H62: batang | I62: 1 | J62: =J49 -> 105000 | K62: =I62*J62 -> 105000
B63: 4) | C63: Stainless Steel Strip 20 x 0,7 mm u/ 5 titik | H63: meter | I63: 4 | J63: =J50 -> 14700 | K63: =I63*J63 -> 58800
B64: 5) | C64: Connector CU - CU 50mm² / Clamp Grounding | H64: buah | I64: 1 | J64: =J51 -> 56500 | K64: =I64*J64 -> 56500
B65: 6) | C65: Stoping buckle | H65: buah | I65: 5 | J65: =J52 -> 3960 | K65: =I65*J65 -> 19800
B66: 7) | C66: Link 25 x 25 | H66: buah | I66: 5 | J66: =J53 -> 3650 | K66: =I66*J66 -> 18250
B67: 8) | C67: Joint sleeve tension 50 mm² | H67: buah | I67: 1 | J67: =J54 -> 44500 | K67: =I67*J67 -> 44500
H68: Jumlah | K68: =SUM(K60:K67) -> 1990850
H69: ROK | I69: =I56 -> 0.15 | K69: =I69*K68 -> 298627.5
H70: Total | K70: =SUM(K68:K69) -> 2289477.5
H71: Pembulatan | K71: =ROUND(K70,-1) -> 2289480
A72: 6 | B72: 1 Set | D72: Arde Arrester JTM dengan BC, Tiang Baja 12/350 & Tiang Baja 12/200
B73: 1) | C73: Grounding Rod diameter 16 mm(5/8") L = 2000 mm | H73: batang | I73: 1 | J73: =J60 -> 258000 | K73: =I73*J73 -> 258000
B74: 2) | C74: BC 50 mm² CU | H74: meter | I74: 12.5 | J74: =J61 -> 110000 | K74: =I74*J74 -> 1375000
B75: 3) | C75: Pipa Galvanise Diameter 1/2" Panjang = 4 meter | H75: batang | I75: 1 | J75: =J62 -> 105000 | K75: =I75*J75 -> 105000
B76: 4) | C76: Stainless Steel Strip 20 x 0,7 mm u/ 5 titik | H76: meter | I76: 4 | J76: =J63 -> 14700 | K76: =I76*J76 -> 58800
B77: 5) | C77: Connector CU - CU 50mm² / Clamp Grounding | H77: buah | I77: 1 | J77: =J64 -> 56500 | K77: =I77*J77 -> 56500
B78: 6) | C78: Stoping buckle | H78: buah | I78: 5 | J78: =J65 -> 3960 | K78: =I78*J78 -> 19800
B79: 7) | C79: Link 25 x 25 | H79: buah | I79: 5 | J79: =J66 -> 3650 | K79: =I79*J79 -> 18250
B80: 8) | C80: Joint sleeve tension 50 mm² | H80: buah | I80: 1 | J80: =J67 -> 44500 | K80: =I80*J80 -> 44500
H81: Jumlah | K81: =SUM(K73:K80) -> 1935850
H82: ROK | I82: =I69 -> 0.15 | K82: =I82*K81 -> 290377.5
H83: Total | K83: =SUM(K81:K82) -> 2226227.5
H84: Pembulatan | K84: =ROUND(K83,-1) -> 2226230
A85: 7 | B85: 1 Set | D85: Arde Arrester JTM, dengan konduktor AAAC, Tiang Beton 14/350
B86: 1) | C86: Grounding Rod diameter 16 mm (5/8") L = 2000 mm | H86: batang | I86: 1 | J86: =J8 -> 258000 | K86: =I86*J86 -> 258000
B87: 2) | C87: AAAC 50 mm² | H87: meter | I87: 14 | J87: PLN
B88: 3) | C88: Pipa Galvanise Diameter 1/2" Panjang = 4 meter | H88: batang | I88: 1 | J88: =J10 -> 105000 | K88: =I88*J88 -> 105000
B89: 4) | C89: Stainless Steel Strip 20 x 0,7 mm u/ 5 titik | H89: meter | I89: 5 | J89: =J11 -> 14700 | K89: =I89*J89 -> 73500
B90: 5) | C90: Connector CU - CU 50mm² / Clamp Grounding | H90: buah | I90: 1 | J90: =J77 -> 56500 | K90: =I90*J90 -> 56500
B91: 6) | C91: Stoping buckle | H91: buah | I91: 5 | J91: =J13 -> 3960 | K91: =I91*J91 -> 19800
B92: 7) | C92: Link 25 x 25 | H92: buah | I92: 5 | J92: =J14 -> 3650 | K92: =I92*J92 -> 18250
B93: 8) | C93: Joint sleeve tension 50 mm² | H93: buah | I93: 1 | J93: =J15 -> 44500 | K93: =I93*J93 -> 44500
H94: Jumlah | K94: =SUM(K86:K93) -> 575550
H95: ROK | I95: =I82 -> 0.15 | K95: =I95*K94 -> 86332.5
H96: Total | K96: =SUM(K94:K95) -> 661882.5
H97: Pembulatan | K97: =ROUND(K96,-1) -> 661880
A98: 8 | B98: 1 Set | D98: Arde Arrester JTM, dengan konduktor AAAC, Tiang Beton 13/350
B99: 1) | C99: Grounding Rod diameter 16 mm (5/8") L = 2000 mm | H99: batang | I99: 1 | J99: =J86 -> 258000 | K99: =I99*J99 -> 258000
B100: 2) | C100: AAAC 50 mm² | H100: meter | I100: 13 | J100: PLN
B101: 3) | C101: Pipa Galvanise Diameter 1/2" Panjang = 4 meter | H101: batang | I101: 1 | J101: =J88 -> 105000 | K101: =I101*J101 -> 105000
...

Sheet D 10 Finishing
A1: ANALISA HARGA SATUAN MATERIAL KONSTRUKSI
A2: PEKERJAAN FINISHING
J3: ROK | K3: 0.15
A4: No | B4: Uraian | H4: Satuan | I4: Volume | J4: Harga (Rp)
J5: Dasar | K5: Harga Satuan
A7: 1 | B7: Kerikil sungai (tersaring) | H7: m³ | I7: 1 | J7: ='Harga Satuan Dasar mat'!G762 -> 341500 | K7: =I7*J7 -> 341500
A8: 2 | B8: Kerikil Koral 5/7 cm | H8: m³ | I8: 1 | J8: ='Harga Satuan Dasar mat'!G763 -> 519500 | K8: =I8*J8 -> 519500
A9: 3 | B9: 1 M³ | D9: Beton Cor Pondasi
B10: 1) | C10: Semen (PC) | H10: Zak | I10: 8.3 | J10: ='Harga Satuan Dasar mat'!G760 -> 51500 | K10: =I10*J10 -> 427450
B11: 2) | C11: Kerikil Beton | H11: m³ | I11: 0.83 | J11: ='Harga Satuan Dasar mat'!G761 -> 595000 | K11: =I11*J11 -> 493850
B12: 3) | C12: Pasir Pasangan | H12: m³ | I12: 0.54 | J12: ='Harga Satuan Dasar mat'!G764 -> 445500 | K12: =I12*J12 -> 240570
H13: Jumlah | K13: =SUM(K10:K12) -> 1161870
A14: 4 | B14: 1 Batang | D14: Pondasi Type A - Batu Kerikil + tanah - Tiang Baja 14/350 | H14: m³ | I14: 0.55770743 | J14: =K7 -> 341500 | K14: =I14*J14 -> 190457.09
H15: ROK | I15: =K3 -> 0.15 | K15: =K14*I15 -> 28568.563
H16: Total | K16: =K14+K15 -> 219025.65
H17: Pembulatan | K17: =ROUND(K16,-1) -> 219030
A18: 5 | B18: 1 Batang | D18: Pondasi Type A - Batu Kerikil + tanah - Tiang Baja 13/350 | H18: m³ | I18: 0.36502758 | J18: =J14 -> 341500 | K18: =I18*J18 -> 124656.92
H19: ROK | I19: =K3 -> 0.15 | K19: =K18*I19 -> 18698.538
H20: Total | K20: =K18+K19 -> 143355.46
H21: Pembulatan | K21: =ROUND(K20,-1) -> 143360
A22: 6 | B22: 1 Batang | D22: Pondasi Type A - Batu Kerikil + tanah - Tiang Baja 12/350 | H22: m³ | I22: 0.33694853 | J22: =J18 -> 341500 | K22: =I22*J22 -> 115067.92
H23: ROK | I23: =I19 -> 0.15 | K23: =K22*I23 -> 17260.189
H24: Total | K24: =K22+K23 -> 132328.11
H25: Pembulatan | K25: =ROUND(K24,-1) -> 132330
A26: 7 | B26: 1 Batang | D26: Pondasi Type A - Batu Kerikil + tanah - Tiang Baja 12/200 | H26: m³ | I26: 0.22047218 | J26: =J22 -> 341500 | K26: =I26*J26 -> 75291.251
H27: ROK | I27: =I23 -> 0.15 | K27: =K26*I27 -> 11293.688
H28: Total | K28: =K26+K27 -> 86584.938
H29: Pembulatan | K29: =ROUND(K28,-1) -> 86580
A30: 8 | B30: 1 Batang | D30: Pondasi Type A - Batu Kerikil + tanah - Tiang Baja 11/200 | H30: m³ | I30: 0.15709183 | J30: =J26 -> 341500 | K30: =I30*J30 -> 53646.859
H31: ROK | I31: =I27 -> 0.15 | K31: =K30*I31 -> 8047.0288
H32: Total | K32: =K30+K31 -> 61693.888
H33: Pembulatan | K33: =ROUND(K32,-1) -> 61690
A34: 9 | B34: 1 Batang | D34: Pondasi Type A - Batu Kerikil + tanah - Tiang Baja 9/200 | H34: m³ | I34: 0.12852968 | J34: =J30 -> 341500 | K34: =I34*J34 -> 43892.885
H35: ROK | I35: =I31 -> 0.15 | K35: =K34*I35 -> 6583.9327
H36: Total | K36: =K34+K35 -> 50476.817
H37: Pembulatan | K37: =ROUND(K36,-1) -> 50480
A38: 10 | B38: 1 Batang | D38: Pondasi Type B - Batu koral+tanah - Tiang Baja 14/350 | H38: m³ | I38: 0.55770743 | J38: =K8 -> 519500 | K38: =I38*J38 -> 289729.01
H39: ROK | I39: =I35 -> 0.15 | K39: =K38*I39 -> 43459.351
H40: Total | K40: =K38+K39 -> 333188.36
H41: Pembulatan | K41: =ROUND(K40,-1) -> 333190
A42: 11 | B42: 1 Batang | D42: Pondasi Type B - Batu koral+tanah - Tiang Baja 13/350 | H42: m³ | I42: 0.36502758 | J42: =J38 -> 519500 | K42: =I42*J42 -> 189631.83
H43: ROK | I43: =I39 -> 0.15 | K43: =K42*I43 -> 28444.774
H44: Total | K44: =K42+K43 -> 218076.6
H45: Pembulatan | K45: =ROUND(K44,-1) -> 218080
A46: 12 | B46: 1 Batang | D46: Pondasi Type B - Batu koral+tanah - Tiang Baja 12/350 | H46: m³ | I46: 0.33694853 | J46: =J42 -> 519500 | K46: =I46*J46 -> 175044.76
H47: ROK | I47: =I43 -> 0.15 | K47: =K46*I47 -> 26256.714
H48: Total | K48: =K46+K47 -> 201301.48
H49: Pembulatan | K49: =ROUND(K48,-1) -> 201300
A50: 13 | B50: 1 Batang | D50: Pondasi Type B - Batu koral+tanah - Tiang Baja 12/200 | H50: m³ | I50: 0.22047218 | J50: =J46 -> 519500 | K50: =I50*J50 -> 114535.3
H51: ROK | I51: =I47 -> 0.15 | K51: =K50*I51 -> 17180.295
H52: Total | K52: =K50+K51 -> 131715.59
H53: Pembulatan | K53: =ROUND(K52,-1) -> 131720
A54: 14 | B54: 1 Batang | D54: Pondasi Type B - Batu koral+tanah - Tiang Baja 11/200 | H54: m³ | I54: 0.15709183 | J54: =J50 -> 519500 | K54: =I54*J54 -> 81609.204
H55: ROK | I55: =I51 -> 0.15 | K55: =K54*I55 -> 12241.381
H56: Total | K56: =K54+K55 -> 93850.585
H57: Pembulatan | K57: =ROUND(K56,-1) -> 93850
A58: 15 | B58: 1 Batang | D58: Pondasi Type B - Batu koral+tanah - Tiang Baja 9/200 | H58: m³ | I58: 0.12852968 | J58: =J54 -> 519500 | K58: =I58*J58 -> 66771.167
H59: ROK | I59: =I55 -> 0.15 | K59: =K58*I59 -> 10015.675
H60: Total | K60: =K58+K59 -> 76786.842
H61: Pembulatan | K61: =ROUND(K60,-1) -> 76790
A62: 16 | B62: 1 Batang | D62: Pondasi Type C & D - Campuran beton - Tiang Baja 14/350 | H62: m³ | I62: 0.55770743 | J62: =K13 -> 1161870 | K62: =I62*J62 -> 647983.53
H63: ROK | I63: =I59 -> 0.15 | K63: =K62*I63 -> 97197.529
H64: Total | K64: =K62+K63 -> 745181.06
H65: Pembulatan | K65: =ROUND(K64,-1) -> 745180
A66: 17 | B66: 1 Batang | D66: Pondasi Type C & D - Campuran beton - Tiang Baja 13/350 | H66: m³ | I66: 0.36502758 | J66: =J62 -> 1161870 | K66: =I66*J66 -> 424114.59
H67: ROK | I67: =I63 -> 0.15 | K67: =K66*I67 -> 63617.189
H68: Total | K68: =K66+K67 -> 487731.78
H69: Pembulatan | K69: =ROUND(K68,-1) -> 487730
A70: 18 | B70: 1 Batang | D70: Pondasi Type C & D - Campuran beton - Tiang Baja 12/350 | H70: m³ | I70: 0.33694853 | J70: =J66 -> 1161870 | K70: =I70*J70 -> 391490.39
H71: ROK | I71: =I67 -> 0.15 | K71: =K70*I71 -> 58723.559
H72: Total | K72: =K70+K71 -> 450213.95
H73: Pembulatan | K73: =ROUND(K72,-1) -> 450210
A74: 19 | B74: 1 Batang | D74: Pondasi Type C & D - Campuran beton - Tiang Baja 12/200 | H74: m³ | I74: 0.22047218 | J74: =J70 -> 1161870 | K74: =I74*J74 -> 256160.02
H75: ROK | I75: =I71 -> 0.15 | K75: =K74*I75 -> 38424.002
H76: Total | K76: =K74+K75 -> 294584.02
H77: Pembulatan | K77: =ROUND(K76,-1) -> 294580
A78: 20 | B78: 1 Batang | D78: Pondasi Type C & D - Campuran beton - Tiang Baja 11/200 | H78: m³ | I78: 0.15709183 | J78: =J74 -> 1161870 | K78: =I78*J78 -> 182520.28
H79: ROK | I79: =I75 -> 0.15 | K79: =K78*I79 -> 27378.042
H80: Total | K80: =K78+K79 -> 209898.32
H81: Pembulatan | K81: =ROUND(K80,-1) -> 209900
A82: 21 | B82: 1 Batang | D82: Pondasi Type C & D - Campuran beton - Tiang Baja 9/200 | H82: m³ | I82: 0.12852968 | J82: =J78 -> 1161870 | K82: =I82*J82 -> 149334.78
H83: ROK | I83: =I79 -> 0.15 | K83: =K82*I83 -> 22400.216
H84: Total | K84: =K82+K83 -> 171734.99
H85: Pembulatan | K85: =ROUND(K84,-1) -> 171730
A86: 22 | B86: 1 Batang | D86: Pondasi Lantai Kerja Gardu 1 Tiang | H86: m³ | I86: 0.24 | J86: =J82 -> 1161870 | K86: =I86*J86 -> 278848.8
D87: (120cm x 100 cm x 20 cm) | H87: ROK | I87: =I83 -> 0.15 | K87: =K86*I87 -> 41827.32
H88: Total | K88: =K86+K87 -> 320676.12
H89: Pembulatan | K89: =ROUND(K88,-1) -> 320680
A90: 23 | B90: 1 Batang | D90: Pondasi Lantai Kerja Gardu 2 Tiang | H90: m³ | I90: 0.5 | J90: =J86 -> 1161870 | K90: =I90*J90 -> 580935
D91: (200cm x 125 cm x 20 cm) | H91: ROK | I91: =I87 -> 0.15 | K91: =K90*I91 -> 87140.25
H92: Total | K92: =K90+K91 -> 668075.25
H93: Pembulatan | K93: =ROUND(K92,-1) -> 668080
A94: 24 | B94: 1 M² | D94: Pengecatan Tiang Baja
B95: 1) | C95: Cat dasar / Meni Besi | H95: Kg | I95: 0.1 | J95: ='Harga Satuan Dasar mat'!G769 -> 89500 | K95: =I95*J95 -> 8950
B96: 2) | C96: Minyak cat / Thiner | H96: Ltr | I96: 0.05 | J96: ='Harga Satuan Dasar mat'!G770 -> 54500 | K96: =I96*J96 -> 2725
B97: 3) | C97: Cat besi | H97: Kg | I97: 0.15 | J97: ='Harga Satuan Dasar mat'!G771 -> 143500 | K97: =I97*J97 -> 21525
B98: 4) | C98: kuas 3" | H98: Bh | I98: 0.1 | J98: ='Harga Satuan Dasar mat'!G772 -> 12300 | K98: =I98*J98 -> 1230
H99: Jumlah | K99: =SUM(K95:K98) -> 34430
A100: 25 | B100: 1 Batang | D100: Pengecatan Tiang Baja 14/350
C101: Rumus Luas selimut silinder = 2 π r t
...

Sheet Harga Satuan Dasar mat
A1: * KOP PERUSAHAAN
A3: HARGA SATUAN DASAR (HSD)
A4: Nomor : 015.RKS/DAN.01.03/F20000000/2026
A5: Tanggal : 17 April 2026
A7: PENGADAAN KESEPAKATAN HARGA SATUAN (KHS) PEKERJAAN KONSTRUKSI JARINGAN DISTRIBUSI TENAGA LISTRIK PT PLN (PERSERO) UNIT INDUK WILAYAH NUSA TENGGARA TIMUR ZONA 1 DI PLN UNIT PELAKSANA PELAYANAN PELANGGAN (UP3) KUPANG DAN DI PLN UNIT PELAKSANA PROYEK KETENAGALISTRIKAN (UP2K) KUPANG
A9: No | B9: Jenis Material | E9: Satuan | F9: Volume | G9: Harga Satuan | H9: <=== PENGISIAN HARGA SATUAN
G10: (Rp)
A12: 1) | B12: Pole Band 1/2 (Clamp Begel U) ; tebal 6mm x lebar 42mm ; Hot Dip Galvanized (HDG)
B13: 1 | C13: Pole band 1/2 ; diameter 2" | E13: buah | F13: 1 | G13: 48000
B14: 2 | C14: Pole band 1/2 ; diameter 2,5" | E14: buah | F14: 1 | G14: 55500
B15: 3 | C15: Pole band 1/2 ; diameter 3" | E15: buah | F15: 1 | G15: 60250
B16: 4 | C16: Pole band 1/2 ; diameter 3,5" | E16: buah | F16: 1 | G16: 65250
B17: 5 | C17: Pole band 1/2 ; diameter 4" | E17: buah | F17: 1 | G17: 70000
B18: 6 | C18: Pole band 1/2 ; diameter 4,5" | E18: buah | F18: 1 | G18: 75000
B19: 7 | C19: Pole band 1/2 ; diameter 5" | E19: buah | F19: 1 | G19: 80000
B20: 8 | C20: Pole band 1/2 ; diameter 5,5" | E20: buah | F20: 1 | G20: 85000
B21: 9 | C21: Pole band 1/2 ; diameter 6" | E21: buah | F21: 1 | G21: 90250
B22: 10 | C22: Pole band 1/2 ; diameter 6,5" | E22: buah | F22: 1 | G22: 95500
B23: 11 | C23: Pole band 1/2 ; diameter 7" | E23: buah | F23: 1 | G23: 100250
B24: 12 | C24: Pole band 1/2 ; diameter 7,5" | E24: buah | F24: 1 | G24: 105500
... B37: 25 | C37: Pole band 1/2 ; diameter 14" | E37: buah | F37: 1 | G37: 168500
A38: 2) | B38: Pole Band 2/2 ; tebal 6mm x lebar 42mm ; Hot Dip Galvanized (HDG)
B39: 1 | C39: Pole band 2/2 ; diameter 2" | E39: buah | F39: 1 | G39: 58000
B40: 2 | C40: Pole band 2/2 ; diameter 2,5" | E40: buah | F40: 1 | G40: 68000
B41: 3 | C41: Pole band 2/2 ; diameter 3" | E41: buah | F41: 1 | G41: 75250
B42: 4 | C42: Pole band 2/2 ; diameter 3,5" | E42: buah | F42: 1 | G42: 82750
B43: 5 | C43: Pole band 2/2 ; diameter 4" | E43: buah | F43: 1 | G43: 90000
B44: 6 | C44: Pole band 2/2 ; diameter 4,5" | E44: buah | F44: 1 | G44: 97500
B45: 7 | C45: Pole band 2/2 ; diameter 5" | E45: buah | F45: 1 | G45: 105000
B46: 8 | C46: Pole band 2/2 ; diameter 5,5" | E46: buah | F46: 1 | G46: 112500
B47: 9 | C47: Pole band 2/2 ; diameter 6" | E47: buah | F47: 1 | G47: 120250
B48: 10 | C48: Pole band 2/2 ; diameter 6,5" | E48: buah | F48: 1 | G48: 128000
B49: 11 | C49: Pole band 2/2 ; diameter 7" | E49: buah | F49: 1 | G49: 135250
B50: 12 | C50: Pole band 2/2 ; diameter 7,5" | E50: buah | F50: 1 | G50: 143000
... B63: 25 | C63: Pole band 2/2 ; diameter 14" | E63: buah | F63: 1 | G63: 238500
A64: 3) | B64: Single Fixing Collar / GW Band 2/2 ; tebal 6mm x lebar 42mm ; Hot Dip Galvanized (HDG)
B65: 1 | C65: Single Fixing Collar 2/2 ; diameter 2" | E65: buah | F65: 1 | G65: 77000
B66: 2 | C66: Single Fixing Collar 2/2 ; diameter 2,5" | E66: buah | F66: 1 | G66: 88000
B67: 3 | C67: Single Fixing Collar 2/2 ; diameter 3" | E67: buah | F67: 1 | G67: 96250
B68: 4 | C68: Single Fixing Collar 2/2 ; diameter 3,5" | E68: buah | F68: 1 | G68: 104750
B69: 5 | C69: Single Fixing Collar 2/2 ; diameter 4" | E69: buah | F69: 1 | G69: 113000
B70: 6 | C70: Single Fixing Collar 2/2 ; diameter 4,5" | E70: buah | F70: 1 | G70: 121500
B71: 7 | C71: Single Fixing Collar 2/2 ; diameter 5" | E71: buah | F71: 1 | G71: 130000
B72: 8 | C72: Single Fixing Collar 2/2 ; diameter 5,5" | E72: buah | F72: 1 | G72: 138500
B73: 9 | C73: Single Fixing Collar 2/2 ; diameter 6" | E73: buah | F73: 1 | G73: 147250
B74: 10 | C74: Single Fixing Collar 2/2 ; diameter 6,5" | E74: buah | F74: 1 | G74: 156000
B75: 11 | C75: Single Fixing Collar 2/2 ; diameter 7" | E75: buah | F75: 1 | G75: 164250
B76: 12 | C76: Single Fixing Collar 2/2 ; diameter 7,5" | E76: buah | F76: 1 | G76: 173000
... B89: 25 | C89: Single Fixing Collar 2/2 ; diameter 14" | E89: buah | F89: 1 | G89: 281500
A90: 4) | B90: Double Arm Fixing Collar 2/2 ; tebal 6mm x lebar 42mm ; Hot Dip Galvanized (HDG)
B91: 1 | C91: Double Arm Fixing Collar 2/2 ; diameter 2" | E91: buah | F91: 1 | G91: 96000
B92: 2 | C92: Double Arm Fixing Collar 2/2 ; diameter 2,5" | E92: buah | F92: 1 | G92: 108000
B93: 3 | C93: Double Arm Fixing Collar 2/2 ; diameter 3" | E93: buah | F93: 1 | G93: 117250
B94: 4 | C94: Double Arm Fixing Collar 2/2 ; diameter 3,5" | E94: buah | F94: 1 | G94: 126750
B95: 5 | C95: Double Arm Fixing Collar 2/2 ; diameter 4" | E95: buah | F95: 1 | G95: 136000
B96: 6 | C96: Double Arm Fixing Collar 2/2 ; diameter 4,5" | E96: buah | F96: 1 | G96: 145500
B97: 7 | C97: Double Arm Fixing Collar 2/2 ; diameter 5" | E97: buah | F97: 1 | G97: 155000
B98: 8 | C98: Double Arm Fixing Collar 2/2 ; diameter 5,5" | E98: buah | F98: 1 | G98: 164500
B99: 9 | C99: Double Arm Fixing Collar 2/2 ; diameter 6" | E99: buah | F99: 1 | G99: 174250
B100: 10 | C100: Double Arm Fixing Collar 2/2 ; diameter 6,5" | E100: buah | F100: 1 | G100: 184000
B101: 11 | C101: Double Arm Fixing Collar 2/2 ; diameter 7" | E101: buah | F101: 1 | G101: 193250
B102: 12 | C102: Double Arm Fixing Collar 2/2 ; diameter 7,5" | E102: buah | F102: 1 | G102: 203000
... B115: 25 | C115: Double Arm Fixing Collar 2/2 ; diameter 14" | E115: buah | F115: 1 | G115: 324500
A116: 5) | B116: Single Offset Pole Band 2/2 ; tebal 6mm x lebar 42mm ; Hot Dip Galvanized (HDG)
B117: 1 | C117: Single Offset Pole band 2/2 ; diameter 2" | E117: buah | F117: 1 | G117: 75000
B118: 2 | C118: Single Offset Pole band 2/2 ; diameter 2,5" | E118: buah | F118: 1 | G118: 85500
B119: 3 | C119: Single Offset Pole band 2/2 ; diameter 3" | E119: buah | F119: 1 | G119: 93250
B120: 4 | C120: Single Offset Pole band 2/2 ; diameter 3,5" | E120: buah | F120: 1 | G120: 101250
B121: 5 | C121: Single Offset Pole band 2/2 ; diameter 4" | E121: buah | F121: 1 | G121: 109000
B122: 6 | C122: Single Offset Pole band 2/2 ; diameter 4,5" | E122: buah | F122: 1 | G122: 117000
B123: 7 | C123: Single Offset Pole band 2/2 ; diameter 5" | E123: buah | F123: 1 | G123: 125000
B124: 8 | C124: Single Offset Pole band 2/2 ; diameter 5,5" | E124: buah | F124: 1 | G124: 133000
B125: 9 | C125: Single Offset Pole band 2/2 ; diameter 6" | E125: buah | F125: 1 | G125: 141250
B126: 10 | C126: Single Offset Pole band 2/2 ; diameter 6,5" | E126: buah | F126: 1 | G126: 149500
B127: 11 | C127: Single Offset Pole band 2/2 ; diameter 7" | E127: buah | F127: 1 | G127: 157250
B128: 12 | C128: Single Offset Pole band 2/2 ; diameter 7,5" | E128: buah | F128: 1 | G128: 165500
... B141: 25 | C141: Single Offset Pole band 2/2 ; diameter 14" | E141: buah | F141: 1 | G141: 267500
A142: 6) | B142: Besi UNP 100 (100mm x 50mm x 5,0mm) ; Hot Dip Galvanized (HDG)
B143: 1 | C143: Besi UNP 100 ; Panjang 6000mm | E143: batang | F143: 1 | G143: 2400000
B144: 2 | C144: Besi UNP 100 ; Panjang 3000mm | E144: batang | F144: 1 | G144: 1200000
B145: 3 | C145: Besi UNP 100 ; Panjang 2500mm | E145: batang | F145: 1 | G145: 1000000
B146: 4 | C146: Besi UNP 100 ; Panjang 2200mm | E146: batang | F146: 1 | G146: 900000
B147: 5 | C147: Besi UNP 100 ; Panjang 2000mm | E147: batang | F147: 1 | G147: 800000
B148: 6 | C148: Besi UNP 100 ; Panjang 1800mm | E148: batang | F148: 1 | G148: 700000
B149: 7 | C149: Besi UNP 100 ; Panjang 1500mm | E149: batang | F149: 1 | G149: 600000
B150: 8 | C150: Besi UNP 100 ; Panjang 1200mm | E150: batang | F150: 1 | G150: 570000
B151: 9 | C151: Besi UNP 100 ; Panjang 1000mm | E151: batang | F151: 1 | G151: 400000
B152: 10 | C152: Besi UNP 100 ; Panjang 800mm | E152: batang | F152: 1 | G152: 320000
B153: 11 | C153: Besi UNP 100 ; Panjang 750mm | E153: batang | F153: 1 | G153: 356250
B154: 12 | C154: Besi UNP 100 ; Panjang 600mm | E154: batang | F154: 1 | G154: 250000
... B159: 17 | C159: Besi UNP 100 ; Panjang 200mm | E159: batang | F159: 1 | G159: 95000
A160: 7) | B160: Besi UNP 80 (80mm x 44mm x 3,5mm) ; Hot Dip Galvanized (HDG)
B161: 1 | C161: Besi UNP 80 ; Panjang 6000mm | E161: batang | F161: 1 | G161: 1969750
B162: 2 | C162: Besi UNP 80 ; Panjang 3000mm | E162: batang | F162: 1 | G162: 989500
B163: 3 | C163: Besi UNP 80 ; Panjang 2500mm | E163: batang | F163: 1 | G163: 824700
B164: 4 | C164: Besi UNP 80 ; Panjang 2200mm | E164: batang | F164: 1 | G164: 725750
B165: 5 | C165: Besi UNP 80 ; Panjang 2000mm | E165: batang | F165: 1 | G165: 659600
B166: 6 | C166: Besi UNP 80 ; Panjang 1800mm | E166: batang | F166: 1 | G166: 593750
B167: 7 | C167: Besi UNP 80 ; Panjang 1500mm | E167: batang | F167: 1 | G167: 494500
B168: 8 | C168: Besi UNP 80 ; Panjang 1200mm | E168: batang | F168: 1 | G168: 395700
...
